{
  "BeIR_dataset_name": "arguana",
  "BeIR_version": "2.0.0",
  "test": {
    "evaluation_time": 0.96,
    "map_at_1": 0.28236,
    "map_at_10": 0.44877,
    "map_at_100": 0.45762,
    "map_at_1000": 0.45771,
    "map_at_3": 0.39889,
    "map_at_5": 0.42751,
    "mrr_at_1": 0.28734,
    "mrr_at_10": 0.45039,
    "mrr_at_100": 0.4593,
    "mrr_at_1000": 0.45938,
    "mrr_at_3": 0.40043,
    "mrr_at_5": 0.4292,
    "ndcg_at_1": 0.28236,
    "ndcg_at_10": 0.53971,
    "ndcg_at_100": 0.57554,
    "ndcg_at_1000": 0.57753,
    "ndcg_at_3": 0.43691,
    "ndcg_at_5": 0.48833,
    "precision_at_1": 0.28236,
    "precision_at_10": 0.083,
    "precision_at_100": 0.00982,
    "precision_at_1000": 0.001,
    "precision_at_3": 0.18231,
    "precision_at_5": 0.13428,
    "recall_at_1": 0.28236,
    "recall_at_10": 0.83001,
    "recall_at_100": 0.98151,
    "recall_at_1000": 0.99644,
    "recall_at_3": 0.54694,
    "recall_at_5": 0.67141
  }
}