{
  "BeIR_dataset_name": "cqadupstack/stats",
  "BeIR_version": "2.0.0",
  "test": {
    "evaluation_time": 0.48,
    "map_at_1": 0.25774,
    "map_at_10": 0.31659,
    "map_at_100": 0.32507,
    "map_at_1000": 0.32608,
    "map_at_3": 0.29683,
    "map_at_5": 0.30976,
    "mrr_at_1": 0.28988,
    "mrr_at_10": 0.34529,
    "mrr_at_100": 0.35303,
    "mrr_at_1000": 0.35375,
    "mrr_at_3": 0.32643,
    "mrr_at_5": 0.33855,
    "ndcg_at_1": 0.28988,
    "ndcg_at_10": 0.35254,
    "ndcg_at_100": 0.39689,
    "ndcg_at_1000": 0.42231,
    "ndcg_at_3": 0.31688,
    "ndcg_at_5": 0.33764,
    "precision_at_1": 0.28988,
    "precision_at_10": 0.05291,
    "precision_at_100": 0.00817,
    "precision_at_1000": 0.00111,
    "precision_at_3": 0.13344,
    "precision_at_5": 0.09264,
    "recall_at_1": 0.25774,
    "recall_at_10": 0.43461,
    "recall_at_100": 0.64296,
    "recall_at_1000": 0.83042,
    "recall_at_3": 0.33639,
    "recall_at_5": 0.3899
  }
}