{
  "BeIR_dataset_name": "cqadupstack/wordpress",
  "BeIR_version": "2.0.0",
  "test": {
    "evaluation_time": 0.39,
    "map_at_1": 0.23826,
    "map_at_10": 0.30542,
    "map_at_100": 0.31578,
    "map_at_1000": 0.31676,
    "map_at_3": 0.28613,
    "map_at_5": 0.29624,
    "mrr_at_1": 0.26433,
    "mrr_at_10": 0.32932,
    "mrr_at_100": 0.33874,
    "mrr_at_1000": 0.33945,
    "mrr_at_3": 0.31177,
    "mrr_at_5": 0.32147,
    "ndcg_at_1": 0.26433,
    "ndcg_at_10": 0.34436,
    "ndcg_at_100": 0.39782,
    "ndcg_at_1000": 0.42414,
    "ndcg_at_3": 0.30757,
    "ndcg_at_5": 0.32375,
    "precision_at_1": 0.26433,
    "precision_at_10": 0.05139,
    "precision_at_100": 0.00843,
    "precision_at_1000": 0.00118,
    "precision_at_3": 0.12939,
    "precision_at_5": 0.08835,
    "recall_at_1": 0.23826,
    "recall_at_10": 0.44208,
    "recall_at_100": 0.6937,
    "recall_at_1000": 0.89158,
    "recall_at_3": 0.3403,
    "recall_at_5": 0.37942
  }
}