{
  "BeIR_dataset_name": "cqadupstack/unix",
  "BeIR_version": "2.0.0",
  "test": {
    "evaluation_time": 0.77,
    "map_at_1": 0.27838,
    "map_at_10": 0.35867,
    "map_at_100": 0.37083,
    "map_at_1000": 0.37193,
    "map_at_3": 0.33485,
    "map_at_5": 0.34847,
    "mrr_at_1": 0.32183,
    "mrr_at_10": 0.39915,
    "mrr_at_100": 0.40891,
    "mrr_at_1000": 0.40949,
    "mrr_at_3": 0.37858,
    "mrr_at_5": 0.3908,
    "ndcg_at_1": 0.32183,
    "ndcg_at_10": 0.40627,
    "ndcg_at_100": 0.46239,
    "ndcg_at_1000": 0.48583,
    "ndcg_at_3": 0.36405,
    "ndcg_at_5": 0.38393,
    "precision_at_1": 0.32183,
    "precision_at_10": 0.06604,
    "precision_at_100": 0.01062,
    "precision_at_1000": 0.00137,
    "precision_at_3": 0.16138,
    "precision_at_5": 0.11231,
    "recall_at_1": 0.27838,
    "recall_at_10": 0.51006,
    "recall_at_100": 0.75391,
    "recall_at_1000": 0.91795,
    "recall_at_3": 0.39386,
    "recall_at_5": 0.44373
  }
}