{
  "BeIR_dataset_name": "cqadupstack/english",
  "BeIR_version": "2.0.0",
  "test": {
    "evaluation_time": 1.08,
    "map_at_1": 0.33305,
    "map_at_10": 0.4352,
    "map_at_100": 0.44704,
    "map_at_1000": 0.44818,
    "map_at_3": 0.40615,
    "map_at_5": 0.42349,
    "mrr_at_1": 0.41338,
    "mrr_at_10": 0.49623,
    "mrr_at_100": 0.50198,
    "mrr_at_1000": 0.50235,
    "mrr_at_3": 0.47516,
    "mrr_at_5": 0.48806,
    "ndcg_at_1": 0.41338,
    "ndcg_at_10": 0.49072,
    "ndcg_at_100": 0.53162,
    "ndcg_at_1000": 0.54969,
    "ndcg_at_3": 0.45189,
    "ndcg_at_5": 0.47118,
    "precision_at_1": 0.41338,
    "precision_at_10": 0.09032,
    "precision_at_100": 0.01407,
    "precision_at_1000": 0.00185,
    "precision_at_3": 0.21656,
    "precision_at_5": 0.15185,
    "recall_at_1": 0.33305,
    "recall_at_10": 0.58384,
    "recall_at_100": 0.758,
    "recall_at_1000": 0.87066,
    "recall_at_3": 0.46647,
    "recall_at_5": 0.52334
  }
}