{
  "BeIR_dataset_name": "cqadupstack/mathematica",
  "BeIR_version": "2.0.0",
  "test": {
    "evaluation_time": 0.51,
    "map_at_1": 0.18001,
    "map_at_10": 0.25423,
    "map_at_100": 0.26673,
    "map_at_1000": 0.268,
    "map_at_3": 0.22931,
    "map_at_5": 0.24336,
    "mrr_at_1": 0.22139,
    "mrr_at_10": 0.2989,
    "mrr_at_100": 0.30904,
    "mrr_at_1000": 0.30973,
    "mrr_at_3": 0.2726,
    "mrr_at_5": 0.28758,
    "ndcg_at_1": 0.22139,
    "ndcg_at_10": 0.30369,
    "ndcg_at_100": 0.3629,
    "ndcg_at_1000": 0.3914,
    "ndcg_at_3": 0.25668,
    "ndcg_at_5": 0.27947,
    "precision_at_1": 0.22139,
    "precision_at_10": 0.0551,
    "precision_at_100": 0.0098,
    "precision_at_1000": 0.00136,
    "precision_at_3": 0.12148,
    "precision_at_5": 0.08905,
    "recall_at_1": 0.18001,
    "recall_at_10": 0.41161,
    "recall_at_100": 0.66829,
    "recall_at_1000": 0.86822,
    "recall_at_3": 0.28397,
    "recall_at_5": 0.34037
  }
}