{
  "BeIR_dataset_name": "cqadupstack/gaming",
  "BeIR_version": "2.0.0",
  "test": {
    "evaluation_time": 1.13,
    "map_at_1": 0.42617,
    "map_at_10": 0.5489,
    "map_at_100": 0.55852,
    "map_at_1000": 0.55905,
    "map_at_3": 0.51884,
    "map_at_5": 0.53441,
    "mrr_at_1": 0.48903,
    "mrr_at_10": 0.58405,
    "mrr_at_100": 0.59011,
    "mrr_at_1000": 0.59037,
    "mrr_at_3": 0.56238,
    "mrr_at_5": 0.57364,
    "ndcg_at_1": 0.48903,
    "ndcg_at_10": 0.60568,
    "ndcg_at_100": 0.64352,
    "ndcg_at_1000": 0.65341,
    "ndcg_at_3": 0.55607,
    "ndcg_at_5": 0.5774,
    "precision_at_1": 0.48903,
    "precision_at_10": 0.09561,
    "precision_at_100": 0.01234,
    "precision_at_1000": 0.00136,
    "precision_at_3": 0.24639,
    "precision_at_5": 0.16489,
    "recall_at_1": 0.42617,
    "recall_at_10": 0.73784,
    "recall_at_100": 0.90176,
    "recall_at_1000": 0.97053,
    "recall_at_3": 0.60238,
    "recall_at_5": 0.65622
  }
}