{
  "BeIR_dataset_name": "cqadupstack/programmers",
  "BeIR_version": "2.0.0",
  "test": {
    "evaluation_time": 0.61,
    "map_at_1": 0.27582,
    "map_at_10": 0.37803,
    "map_at_100": 0.39061,
    "map_at_1000": 0.39179,
    "map_at_3": 0.34714,
    "map_at_5": 0.36451,
    "mrr_at_1": 0.34247,
    "mrr_at_10": 0.43264,
    "mrr_at_100": 0.44098,
    "mrr_at_1000": 0.44149,
    "mrr_at_3": 0.40906,
    "mrr_at_5": 0.4223,
    "ndcg_at_1": 0.34247,
    "ndcg_at_10": 0.4372,
    "ndcg_at_100": 0.49014,
    "ndcg_at_1000": 0.51284,
    "ndcg_at_3": 0.38914,
    "ndcg_at_5": 0.4105,
    "precision_at_1": 0.34247,
    "precision_at_10": 0.08014,
    "precision_at_100": 0.01241,
    "precision_at_1000": 0.00162,
    "precision_at_3": 0.1876,
    "precision_at_5": 0.13151,
    "recall_at_1": 0.27582,
    "recall_at_10": 0.55805,
    "recall_at_100": 0.78673,
    "recall_at_1000": 0.93846,
    "recall_at_3": 0.41911,
    "recall_at_5": 0.47901
  }
}