{
  "BeIR_dataset_name": "cqadupstack/gis",
  "BeIR_version": "2.0.0",
  "test": {
    "evaluation_time": 0.66,
    "map_at_1": 0.26843,
    "map_at_10": 0.34637,
    "map_at_100": 0.35631,
    "map_at_1000": 0.35712,
    "map_at_3": 0.32237,
    "map_at_5": 0.33497,
    "mrr_at_1": 0.28701,
    "mrr_at_10": 0.36658,
    "mrr_at_100": 0.37511,
    "mrr_at_1000": 0.37573,
    "mrr_at_3": 0.34369,
    "mrr_at_5": 0.35522,
    "ndcg_at_1": 0.28701,
    "ndcg_at_10": 0.39218,
    "ndcg_at_100": 0.44203,
    "ndcg_at_1000": 0.46234,
    "ndcg_at_3": 0.34467,
    "ndcg_at_5": 0.36537,
    "precision_at_1": 0.28701,
    "precision_at_10": 0.05876,
    "precision_at_100": 0.00885,
    "precision_at_1000": 0.00109,
    "precision_at_3": 0.142,
    "precision_at_5": 0.09763,
    "recall_at_1": 0.26843,
    "recall_at_10": 0.51428,
    "recall_at_100": 0.74504,
    "recall_at_1000": 0.89695,
    "recall_at_3": 0.3852,
    "recall_at_5": 0.43416
  }
}