{
  "BeIR_dataset_name": "cqadupstack/android",
  "BeIR_version": "2.0.0",
  "test": {
    "evaluation_time": 0.51,
    "map_at_1": 0.33486,
    "map_at_10": 0.44178,
    "map_at_100": 0.45577,
    "map_at_1000": 0.45708,
    "map_at_3": 0.40944,
    "map_at_5": 0.42729,
    "mrr_at_1": 0.40486,
    "mrr_at_10": 0.50061,
    "mrr_at_100": 0.50768,
    "mrr_at_1000": 0.5081,
    "mrr_at_3": 0.47759,
    "mrr_at_5": 0.49254,
    "ndcg_at_1": 0.40486,
    "ndcg_at_10": 0.49992,
    "ndcg_at_100": 0.55336,
    "ndcg_at_1000": 0.57317,
    "ndcg_at_3": 0.45682,
    "ndcg_at_5": 0.47736,
    "precision_at_1": 0.40486,
    "precision_at_10": 0.09371,
    "precision_at_100": 0.01475,
    "precision_at_1000": 0.00194,
    "precision_at_3": 0.21698,
    "precision_at_5": 0.1525,
    "recall_at_1": 0.33486,
    "recall_at_10": 0.60358,
    "recall_at_100": 0.83467,
    "recall_at_1000": 0.95829,
    "recall_at_3": 0.47731,
    "recall_at_5": 0.53921
  }
}