{
  "BeIR_dataset_name": "cqadupstack/physics",
  "BeIR_version": "2.0.0",
  "test": {
    "evaluation_time": 0.71,
    "map_at_1": 0.28297,
    "map_at_10": 0.37904,
    "map_at_100": 0.39165,
    "map_at_1000": 0.39283,
    "map_at_3": 0.3456,
    "map_at_5": 0.36492,
    "mrr_at_1": 0.33782,
    "mrr_at_10": 0.43045,
    "mrr_at_100": 0.43892,
    "mrr_at_1000": 0.43942,
    "mrr_at_3": 0.40247,
    "mrr_at_5": 0.42008,
    "ndcg_at_1": 0.33782,
    "ndcg_at_10": 0.43764,
    "ndcg_at_100": 0.49121,
    "ndcg_at_1000": 0.51353,
    "ndcg_at_3": 0.38223,
    "ndcg_at_5": 0.41071,
    "precision_at_1": 0.33782,
    "precision_at_10": 0.07911,
    "precision_at_100": 0.01243,
    "precision_at_1000": 0.00161,
    "precision_at_3": 0.17741,
    "precision_at_5": 0.12955,
    "recall_at_1": 0.28297,
    "recall_at_10": 0.55881,
    "recall_at_100": 0.78436,
    "recall_at_1000": 0.93207,
    "recall_at_3": 0.41133,
    "recall_at_5": 0.48092
  }
}