{
  "BeIR_dataset_name": "cqadupstack/tex",
  "BeIR_version": "2.0.0",
  "test": {
    "evaluation_time": 2.29,
    "map_at_1": 0.19847,
    "map_at_10": 0.26447,
    "map_at_100": 0.27464,
    "map_at_1000": 0.27587,
    "map_at_3": 0.24112,
    "map_at_5": 0.25394,
    "mrr_at_1": 0.2395,
    "mrr_at_10": 0.30437,
    "mrr_at_100": 0.31279,
    "mrr_at_1000": 0.31358,
    "mrr_at_3": 0.28166,
    "mrr_at_5": 0.29446,
    "ndcg_at_1": 0.2395,
    "ndcg_at_10": 0.30879,
    "ndcg_at_100": 0.35744,
    "ndcg_at_1000": 0.38685,
    "ndcg_at_3": 0.26683,
    "ndcg_at_5": 0.286,
    "precision_at_1": 0.2395,
    "precision_at_10": 0.0544,
    "precision_at_100": 0.00914,
    "precision_at_1000": 0.00134,
    "precision_at_3": 0.12182,
    "precision_at_5": 0.08782,
    "recall_at_1": 0.19847,
    "recall_at_10": 0.40386,
    "recall_at_100": 0.62293,
    "recall_at_1000": 0.83181,
    "recall_at_3": 0.28417,
    "recall_at_5": 0.3346
  }
}