{
  "BeIR_dataset_name": "cqadupstack/webmasters",
  "BeIR_version": "2.0.0",
  "test": {
    "evaluation_time": 0.32,
    "map_at_1": 0.27073,
    "map_at_10": 0.35539,
    "map_at_100": 0.37173,
    "map_at_1000": 0.374,
    "map_at_3": 0.33225,
    "map_at_5": 0.34408,
    "mrr_at_1": 0.31621,
    "mrr_at_10": 0.39386,
    "mrr_at_100": 0.40362,
    "mrr_at_1000": 0.40429,
    "mrr_at_3": 0.37484,
    "mrr_at_5": 0.3864,
    "ndcg_at_1": 0.31621,
    "ndcg_at_10": 0.40569,
    "ndcg_at_100": 0.46268,
    "ndcg_at_1000": 0.49147,
    "ndcg_at_3": 0.36972,
    "ndcg_at_5": 0.38505,
    "precision_at_1": 0.31621,
    "precision_at_10": 0.07628,
    "precision_at_100": 0.0153,
    "precision_at_1000": 0.00242,
    "precision_at_3": 0.17194,
    "precision_at_5": 0.12055,
    "recall_at_1": 0.27073,
    "recall_at_10": 0.49424,
    "recall_at_100": 0.74757,
    "recall_at_1000": 0.9355,
    "recall_at_3": 0.39133,
    "recall_at_5": 0.43416
  }
}