{
  "BeIR_dataset_name": "arguana",
  "BeIR_version": "2.0.0",
  "test": {
    "evaluation_time": 1.59,
    "map_at_1": 0.20626,
    "map_at_10": 0.35951,
    "map_at_100": 0.37202,
    "map_at_1000": 0.3721,
    "map_at_3": 0.30429,
    "map_at_5": 0.33317,
    "mrr_at_1": 0.20982,
    "mrr_at_10": 0.36083,
    "mrr_at_100": 0.37327,
    "mrr_at_1000": 0.37335,
    "mrr_at_3": 0.305,
    "mrr_at_5": 0.33466,
    "ndcg_at_1": 0.20626,
    "ndcg_at_10": 0.45305,
    "ndcg_at_100": 0.50507,
    "ndcg_at_1000": 0.50696,
    "ndcg_at_3": 0.33679,
    "ndcg_at_5": 0.38889,
    "precision_at_1": 0.20626,
    "precision_at_10": 0.07568,
    "precision_at_100": 0.00981,
    "precision_at_1000": 0.001,
    "precision_at_3": 0.14367,
    "precision_at_5": 0.11152,
    "recall_at_1": 0.20626,
    "recall_at_10": 0.75676,
    "recall_at_100": 0.9808,
    "recall_at_1000": 0.99502,
    "recall_at_3": 0.43101,
    "recall_at_5": 0.55761
  }
}