{
  "BeIR_dataset_name": "cqadupstack/english",
  "BeIR_version": "2.0.0",
  "test": {
    "evaluation_time": 1.04,
    "map_at_1": 0.33957,
    "map_at_10": 0.45725,
    "map_at_100": 0.47056,
    "map_at_1000": 0.47181,
    "map_at_3": 0.42355,
    "map_at_5": 0.44262,
    "mrr_at_1": 0.42548,
    "mrr_at_10": 0.51528,
    "mrr_at_100": 0.52138,
    "mrr_at_1000": 0.52174,
    "mrr_at_3": 0.49416,
    "mrr_at_5": 0.50601,
    "ndcg_at_1": 0.42548,
    "ndcg_at_10": 0.51695,
    "ndcg_at_100": 0.55961,
    "ndcg_at_1000": 0.57679,
    "ndcg_at_3": 0.47395,
    "ndcg_at_5": 0.49329,
    "precision_at_1": 0.42548,
    "precision_at_10": 0.09854,
    "precision_at_100": 0.01573,
    "precision_at_1000": 0.00201,
    "precision_at_3": 0.231,
    "precision_at_5": 0.16331,
    "recall_at_1": 0.33957,
    "recall_at_10": 0.62142,
    "recall_at_100": 0.8003,
    "recall_at_1000": 0.90651,
    "recall_at_3": 0.49189,
    "recall_at_5": 0.54755
  }
}