{
  "BeIR_dataset_name": "cqadupstack/android",
  "BeIR_version": "2.0.0",
  "test": {
    "evaluation_time": 0.45,
    "map_at_1": 0.3709,
    "map_at_10": 0.49166,
    "map_at_100": 0.50616,
    "map_at_1000": 0.50729,
    "map_at_3": 0.45656,
    "map_at_5": 0.47599,
    "mrr_at_1": 0.46066,
    "mrr_at_10": 0.562,
    "mrr_at_100": 0.56713,
    "mrr_at_1000": 0.56754,
    "mrr_at_3": 0.54006,
    "mrr_at_5": 0.55243,
    "ndcg_at_1": 0.46066,
    "ndcg_at_10": 0.55863,
    "ndcg_at_100": 0.60329,
    "ndcg_at_1000": 0.62072,
    "ndcg_at_3": 0.51541,
    "ndcg_at_5": 0.53394,
    "precision_at_1": 0.46066,
    "precision_at_10": 0.10472,
    "precision_at_100": 0.01574,
    "precision_at_1000": 0.00203,
    "precision_at_3": 0.24988,
    "precision_at_5": 0.17568,
    "recall_at_1": 0.3709,
    "recall_at_10": 0.6768,
    "recall_at_100": 0.85618,
    "recall_at_1000": 0.96729,
    "recall_at_3": 0.53853,
    "recall_at_5": 0.59863
  }
}