{
  "BeIR_dataset_name": "cqadupstack/wordpress",
  "BeIR_version": "2.0.0",
  "test": {
    "evaluation_time": 0.41,
    "map_at_1": 0.23546,
    "map_at_10": 0.32055,
    "map_at_100": 0.33141,
    "map_at_1000": 0.33224,
    "map_at_3": 0.29636,
    "map_at_5": 0.31191,
    "mrr_at_1": 0.25878,
    "mrr_at_10": 0.3418,
    "mrr_at_100": 0.35129,
    "mrr_at_1000": 0.35186,
    "mrr_at_3": 0.31916,
    "mrr_at_5": 0.33321,
    "ndcg_at_1": 0.25878,
    "ndcg_at_10": 0.36631,
    "ndcg_at_100": 0.41929,
    "ndcg_at_1000": 0.44016,
    "ndcg_at_3": 0.32067,
    "ndcg_at_5": 0.34602,
    "precision_at_1": 0.25878,
    "precision_at_10": 0.05582,
    "precision_at_100": 0.00898,
    "precision_at_1000": 0.00119,
    "precision_at_3": 0.13678,
    "precision_at_5": 0.09575,
    "recall_at_1": 0.23546,
    "recall_at_10": 0.48496,
    "recall_at_100": 0.72712,
    "recall_at_1000": 0.88301,
    "recall_at_3": 0.36368,
    "recall_at_5": 0.42498
  }
}