{
  "BeIR_dataset_name": "cqadupstack/mathematica",
  "BeIR_version": "2.0.0",
  "test": {
    "evaluation_time": 0.54,
    "map_at_1": 0.17557,
    "map_at_10": 0.26192,
    "map_at_100": 0.27386,
    "map_at_1000": 0.27494,
    "map_at_3": 0.23497,
    "map_at_5": 0.25147,
    "mrr_at_1": 0.21642,
    "mrr_at_10": 0.30654,
    "mrr_at_100": 0.31631,
    "mrr_at_1000": 0.31691,
    "mrr_at_3": 0.28255,
    "mrr_at_5": 0.29697,
    "ndcg_at_1": 0.21642,
    "ndcg_at_10": 0.31531,
    "ndcg_at_100": 0.37235,
    "ndcg_at_1000": 0.39734,
    "ndcg_at_3": 0.26789,
    "ndcg_at_5": 0.2925,
    "precision_at_1": 0.21642,
    "precision_at_10": 0.05883,
    "precision_at_100": 0.00998,
    "precision_at_1000": 0.00132,
    "precision_at_3": 0.1306,
    "precision_at_5": 0.09627,
    "recall_at_1": 0.17557,
    "recall_at_10": 0.43297,
    "recall_at_100": 0.68279,
    "recall_at_1000": 0.86047,
    "recall_at_3": 0.30529,
    "recall_at_5": 0.36637
  }
}