{
  "BeIR_dataset_name": "cqadupstack/gaming",
  "BeIR_version": "2.0.0",
  "test": {
    "evaluation_time": 1.1,
    "map_at_1": 0.43969,
    "map_at_10": 0.57307,
    "map_at_100": 0.58259,
    "map_at_1000": 0.58304,
    "map_at_3": 0.53873,
    "map_at_5": 0.55944,
    "mrr_at_1": 0.5047,
    "mrr_at_10": 0.60996,
    "mrr_at_100": 0.61551,
    "mrr_at_1000": 0.61569,
    "mrr_at_3": 0.58683,
    "mrr_at_5": 0.60213,
    "ndcg_at_1": 0.5047,
    "ndcg_at_10": 0.63318,
    "ndcg_at_100": 0.6684,
    "ndcg_at_1000": 0.67641,
    "ndcg_at_3": 0.5787,
    "ndcg_at_5": 0.60763,
    "precision_at_1": 0.5047,
    "precision_at_10": 0.10125,
    "precision_at_100": 0.01274,
    "precision_at_1000": 0.00138,
    "precision_at_3": 0.25768,
    "precision_at_5": 0.17643,
    "recall_at_1": 0.43969,
    "recall_at_10": 0.77227,
    "recall_at_100": 0.92354,
    "recall_at_1000": 0.9795,
    "recall_at_3": 0.62714,
    "recall_at_5": 0.6983
  }
}