{
  "BeIR_dataset_name": "cqadupstack/programmers",
  "BeIR_version": "2.0.0",
  "test": {
    "evaluation_time": 0.58,
    "map_at_1": 0.29131,
    "map_at_10": 0.4099,
    "map_at_100": 0.42423,
    "map_at_1000": 0.42516,
    "map_at_3": 0.37087,
    "map_at_5": 0.39173,
    "mrr_at_1": 0.36758,
    "mrr_at_10": 0.46637,
    "mrr_at_100": 0.47549,
    "mrr_at_1000": 0.47581,
    "mrr_at_3": 0.43836,
    "mrr_at_5": 0.45417,
    "ndcg_at_1": 0.36758,
    "ndcg_at_10": 0.47587,
    "ndcg_at_100": 0.53135,
    "ndcg_at_1000": 0.54753,
    "ndcg_at_3": 0.41663,
    "ndcg_at_5": 0.44255,
    "precision_at_1": 0.36758,
    "precision_at_10": 0.09041,
    "precision_at_100": 0.01347,
    "precision_at_1000": 0.00166,
    "precision_at_3": 0.20205,
    "precision_at_5": 0.14566,
    "recall_at_1": 0.29131,
    "recall_at_10": 0.61378,
    "recall_at_100": 0.8468,
    "recall_at_1000": 0.9521,
    "recall_at_3": 0.44871,
    "recall_at_5": 0.51801
  }
}