{
  "BeIR_dataset_name": "cqadupstack/unix",
  "BeIR_version": "2.0.0",
  "test": {
    "evaluation_time": 0.77,
    "map_at_1": 0.29686,
    "map_at_10": 0.39713,
    "map_at_100": 0.40847,
    "map_at_1000": 0.40934,
    "map_at_3": 0.36373,
    "map_at_5": 0.3825,
    "mrr_at_1": 0.34888,
    "mrr_at_10": 0.43787,
    "mrr_at_100": 0.44615,
    "mrr_at_1000": 0.44663,
    "mrr_at_3": 0.40983,
    "mrr_at_5": 0.42522,
    "ndcg_at_1": 0.34888,
    "ndcg_at_10": 0.45404,
    "ndcg_at_100": 0.50447,
    "ndcg_at_1000": 0.52297,
    "ndcg_at_3": 0.39696,
    "ndcg_at_5": 0.42335,
    "precision_at_1": 0.34888,
    "precision_at_10": 0.07752,
    "precision_at_100": 0.01154,
    "precision_at_1000": 0.0014,
    "precision_at_3": 0.18004,
    "precision_at_5": 0.12799,
    "recall_at_1": 0.29686,
    "recall_at_10": 0.58638,
    "recall_at_100": 0.8003,
    "recall_at_1000": 0.9282,
    "recall_at_3": 0.43018,
    "recall_at_5": 0.49732
  }
}