{
  "BeIR_dataset_name": "cqadupstack/physics",
  "BeIR_version": "2.0.0",
  "test": {
    "evaluation_time": 0.74,
    "map_at_1": 0.30276,
    "map_at_10": 0.42406,
    "map_at_100": 0.43816,
    "map_at_1000": 0.4391,
    "map_at_3": 0.38904,
    "map_at_5": 0.40872,
    "mrr_at_1": 0.37921,
    "mrr_at_10": 0.4823,
    "mrr_at_100": 0.49016,
    "mrr_at_1000": 0.49052,
    "mrr_at_3": 0.45669,
    "mrr_at_5": 0.4706,
    "ndcg_at_1": 0.37921,
    "ndcg_at_10": 0.48896,
    "ndcg_at_100": 0.54441,
    "ndcg_at_1000": 0.56096,
    "ndcg_at_3": 0.43567,
    "ndcg_at_5": 0.46009,
    "precision_at_1": 0.37921,
    "precision_at_10": 0.08961,
    "precision_at_100": 0.01383,
    "precision_at_1000": 0.00167,
    "precision_at_3": 0.21046,
    "precision_at_5": 0.1486,
    "recall_at_1": 0.30276,
    "recall_at_10": 0.62369,
    "recall_at_100": 0.85328,
    "recall_at_1000": 0.96092,
    "recall_at_3": 0.46987,
    "recall_at_5": 0.53626
  }
}