{
  "BeIR_dataset_name": "cqadupstack/gis",
  "BeIR_version": "2.0.0",
  "test": {
    "evaluation_time": 0.6,
    "map_at_1": 0.27854,
    "map_at_10": 0.36547,
    "map_at_100": 0.37601,
    "map_at_1000": 0.37674,
    "map_at_3": 0.33617,
    "map_at_5": 0.3531,
    "mrr_at_1": 0.30395,
    "mrr_at_10": 0.38791,
    "mrr_at_100": 0.39648,
    "mrr_at_1000": 0.39704,
    "mrr_at_3": 0.36045,
    "mrr_at_5": 0.37633,
    "ndcg_at_1": 0.30395,
    "ndcg_at_10": 0.4173,
    "ndcg_at_100": 0.46889,
    "ndcg_at_1000": 0.48646,
    "ndcg_at_3": 0.36012,
    "ndcg_at_5": 0.38874,
    "precision_at_1": 0.30395,
    "precision_at_10": 0.06395,
    "precision_at_100": 0.00951,
    "precision_at_1000": 0.00113,
    "precision_at_3": 0.15104,
    "precision_at_5": 0.10667,
    "recall_at_1": 0.27854,
    "recall_at_10": 0.55686,
    "recall_at_100": 0.79404,
    "recall_at_1000": 0.92425,
    "recall_at_3": 0.40322,
    "recall_at_5": 0.47198
  }
}