{
  "BeIR_dataset_name": "cqadupstack/webmasters",
  "BeIR_version": "2.0.0",
  "test": {
    "evaluation_time": 0.33,
    "map_at_1": 0.3145,
    "map_at_10": 0.41769,
    "map_at_100": 0.43409,
    "map_at_1000": 0.4365,
    "map_at_3": 0.3878,
    "map_at_5": 0.40513,
    "mrr_at_1": 0.38142,
    "mrr_at_10": 0.47066,
    "mrr_at_100": 0.47967,
    "mrr_at_1000": 0.48018,
    "mrr_at_3": 0.44928,
    "mrr_at_5": 0.46202,
    "ndcg_at_1": 0.38142,
    "ndcg_at_10": 0.4781,
    "ndcg_at_100": 0.53287,
    "ndcg_at_1000": 0.55544,
    "ndcg_at_3": 0.43509,
    "ndcg_at_5": 0.45622,
    "precision_at_1": 0.38142,
    "precision_at_10": 0.08814,
    "precision_at_100": 0.01672,
    "precision_at_1000": 0.00254,
    "precision_at_3": 0.20356,
    "precision_at_5": 0.14387,
    "recall_at_1": 0.3145,
    "recall_at_10": 0.58629,
    "recall_at_100": 0.82544,
    "recall_at_1000": 0.96358,
    "recall_at_3": 0.46049,
    "recall_at_5": 0.52116
  }
}