{
  "BeIR_dataset_name": "cqadupstack/tex",
  "BeIR_version": "2.0.0",
  "test": {
    "evaluation_time": 2.13,
    "map_at_1": 0.18967,
    "map_at_10": 0.26386,
    "map_at_100": 0.27493,
    "map_at_1000": 0.2761,
    "map_at_3": 0.2381,
    "map_at_5": 0.25169,
    "mrr_at_1": 0.23331,
    "mrr_at_10": 0.30445,
    "mrr_at_100": 0.31338,
    "mrr_at_1000": 0.31409,
    "mrr_at_3": 0.28091,
    "mrr_at_5": 0.29309,
    "ndcg_at_1": 0.23331,
    "ndcg_at_10": 0.31209,
    "ndcg_at_100": 0.36331,
    "ndcg_at_1000": 0.39033,
    "ndcg_at_3": 0.26622,
    "ndcg_at_5": 0.2857,
    "precision_at_1": 0.23331,
    "precision_at_10": 0.05705,
    "precision_at_100": 0.00958,
    "precision_at_1000": 0.00136,
    "precision_at_3": 0.12491,
    "precision_at_5": 0.09036,
    "recall_at_1": 0.18967,
    "recall_at_10": 0.41841,
    "recall_at_100": 0.64819,
    "recall_at_1000": 0.83984,
    "recall_at_3": 0.28775,
    "recall_at_5": 0.33928
  }
}