{
  "BeIR_dataset_name": "cqadupstack/stats",
  "BeIR_version": "2.0.0",
  "test": {
    "evaluation_time": 0.51,
    "map_at_1": 0.25833,
    "map_at_10": 0.33062,
    "map_at_100": 0.34091,
    "map_at_1000": 0.34181,
    "map_at_3": 0.30883,
    "map_at_5": 0.31956,
    "mrr_at_1": 0.29294,
    "mrr_at_10": 0.36129,
    "mrr_at_100": 0.37019,
    "mrr_at_1000": 0.37075,
    "mrr_at_3": 0.34151,
    "mrr_at_5": 0.35125,
    "ndcg_at_1": 0.29294,
    "ndcg_at_10": 0.37323,
    "ndcg_at_100": 0.42325,
    "ndcg_at_1000": 0.44611,
    "ndcg_at_3": 0.33295,
    "ndcg_at_5": 0.34893,
    "precision_at_1": 0.29294,
    "precision_at_10": 0.0589,
    "precision_at_100": 0.00911,
    "precision_at_1000": 0.00119,
    "precision_at_3": 0.14417,
    "precision_at_5": 0.09847,
    "recall_at_1": 0.25833,
    "recall_at_10": 0.47436,
    "recall_at_100": 0.70217,
    "recall_at_1000": 0.87277,
    "recall_at_3": 0.35923,
    "recall_at_5": 0.4006
  }
}