{
  "BeIR_dataset_name": "fiqa",
  "BeIR_version": "2.0.0",
  "test": {
    "evaluation_time": 0.44,
    "map_at_1": 0.222,
    "map_at_10": 0.37436,
    "map_at_100": 0.39477,
    "map_at_1000": 0.3964,
    "map_at_3": 0.32348,
    "map_at_5": 0.35097,
    "mrr_at_1": 0.43056,
    "mrr_at_10": 0.52705,
    "mrr_at_100": 0.53519,
    "mrr_at_1000": 0.53545,
    "mrr_at_3": 0.50283,
    "mrr_at_5": 0.5161,
    "ndcg_at_1": 0.43056,
    "ndcg_at_10": 0.45669,
    "ndcg_at_100": 0.52727,
    "ndcg_at_1000": 0.55128,
    "ndcg_at_3": 0.41389,
    "ndcg_at_5": 0.42807,
    "precision_at_1": 0.43056,
    "precision_at_10": 0.12932,
    "precision_at_100": 0.02019,
    "precision_at_1000": 0.00244,
    "precision_at_3": 0.27881,
    "precision_at_5": 0.2071,
    "recall_at_1": 0.222,
    "recall_at_10": 0.53451,
    "recall_at_100": 0.79285,
    "recall_at_1000": 0.93564,
    "recall_at_3": 0.38262,
    "recall_at_5": 0.44666
  }
}