{
  "BeIR_dataset_name": "nfcorpus",
  "BeIR_version": "2.0.0",
  "test": {
    "evaluation_time": 0.21,
    "map_at_1": 0.05404,
    "map_at_10": 0.13599,
    "map_at_100": 0.17688,
    "map_at_1000": 0.19306,
    "map_at_3": 0.09526,
    "map_at_5": 0.11371,
    "mrr_at_1": 0.47988,
    "mrr_at_10": 0.566,
    "mrr_at_100": 0.5734,
    "mrr_at_1000": 0.57376,
    "mrr_at_3": 0.54696,
    "mrr_at_5": 0.55872,
    "ndcg_at_1": 0.45201,
    "ndcg_at_10": 0.37188,
    "ndcg_at_100": 0.34517,
    "ndcg_at_1000": 0.4327,
    "ndcg_at_3": 0.41466,
    "ndcg_at_5": 0.39859,
    "precision_at_1": 0.47678,
    "precision_at_10": 0.28328,
    "precision_at_100": 0.09068,
    "precision_at_1000": 0.02182,
    "precision_at_3": 0.39216,
    "precision_at_5": 0.35046,
    "recall_at_1": 0.05404,
    "recall_at_10": 0.18096,
    "recall_at_100": 0.36104,
    "recall_at_1000": 0.68202,
    "recall_at_3": 0.11026,
    "recall_at_5": 0.13935
  }
}