{
  "BeIR_dataset_name": "scidocs",
  "BeIR_version": "2.0.0",
  "test": {
    "evaluation_time": 0.67,
    "map_at_1": 0.05193,
    "map_at_10": 0.13903,
    "map_at_100": 0.16521,
    "map_at_1000": 0.16887,
    "map_at_3": 0.09711,
    "map_at_5": 0.11856,
    "mrr_at_1": 0.255,
    "mrr_at_10": 0.37362,
    "mrr_at_100": 0.38469,
    "mrr_at_1000": 0.38512,
    "mrr_at_3": 0.33683,
    "mrr_at_5": 0.35773,
    "ndcg_at_1": 0.255,
    "ndcg_at_10": 0.22881,
    "ndcg_at_100": 0.32347,
    "ndcg_at_1000": 0.37931,
    "ndcg_at_3": 0.21361,
    "ndcg_at_5": 0.1896,
    "precision_at_1": 0.255,
    "precision_at_10": 0.1204,
    "precision_at_100": 0.02567,
    "precision_at_1000": 0.00389,
    "precision_at_3": 0.20267,
    "precision_at_5": 0.1694,
    "recall_at_1": 0.05193,
    "recall_at_10": 0.24372,
    "recall_at_100": 0.52088,
    "recall_at_1000": 0.78968,
    "recall_at_3": 0.12338,
    "recall_at_5": 0.17178
  }
}