{
  "BeIR_dataset_name": "scifact",
  "BeIR_version": "2.0.0",
  "test": {
    "evaluation_time": 0.18,
    "map_at_1": 0.58261,
    "map_at_10": 0.69417,
    "map_at_100": 0.69939,
    "map_at_1000": 0.69953,
    "map_at_3": 0.66341,
    "map_at_5": 0.68085,
    "mrr_at_1": 0.61,
    "mrr_at_10": 0.70152,
    "mrr_at_100": 0.70623,
    "mrr_at_1000": 0.70634,
    "mrr_at_3": 0.68056,
    "mrr_at_5": 0.69272,
    "ndcg_at_1": 0.61,
    "ndcg_at_10": 0.74119,
    "ndcg_at_100": 0.76452,
    "ndcg_at_1000": 0.76708,
    "ndcg_at_3": 0.69174,
    "ndcg_at_5": 0.7162,
    "precision_at_1": 0.61,
    "precision_at_10": 0.09967,
    "precision_at_100": 0.0111,
    "precision_at_1000": 0.00113,
    "precision_at_3": 0.27111,
    "precision_at_5": 0.18,
    "recall_at_1": 0.58261,
    "recall_at_10": 0.875,
    "recall_at_100": 0.98167,
    "recall_at_1000": 1.0,
    "recall_at_3": 0.74617,
    "recall_at_5": 0.80539
  }
}