{
  "BeIR_dataset_name": "trec-covid",
  "BeIR_version": "2.0.0",
  "test": {
    "evaluation_time": 0.07,
    "map_at_1": 0.0023,
    "map_at_10": 0.01897,
    "map_at_100": 0.11047,
    "map_at_1000": 0.27152,
    "map_at_3": 0.00656,
    "map_at_5": 0.01015,
    "mrr_at_1": 0.84,
    "mrr_at_10": 0.90833,
    "mrr_at_100": 0.90833,
    "mrr_at_1000": 0.90833,
    "mrr_at_3": 0.90333,
    "mrr_at_5": 0.90833,
    "ndcg_at_1": 0.78,
    "ndcg_at_10": 0.72729,
    "ndcg_at_100": 0.57243,
    "ndcg_at_1000": 0.53294,
    "ndcg_at_3": 0.78469,
    "ndcg_at_5": 0.75245,
    "precision_at_1": 0.84,
    "precision_at_10": 0.77,
    "precision_at_100": 0.5922,
    "precision_at_1000": 0.2361,
    "precision_at_3": 0.84,
    "precision_at_5": 0.784,
    "recall_at_1": 0.0023,
    "recall_at_10": 0.02089,
    "recall_at_100": 0.14521,
    "recall_at_1000": 0.50665,
    "recall_at_3": 0.0068,
    "recall_at_5": 0.01078
  }
}