{
  "BeIR_dataset_name": "arguana",
  "BeIR_version": "2.0.0",
  "test": {
    "evaluation_time": 1.03,
    "map_at_1": 0.2724,
    "map_at_10": 0.42989,
    "map_at_100": 0.43947,
    "map_at_1000": 0.4396,
    "map_at_3": 0.38205,
    "map_at_5": 0.41036,
    "mrr_at_1": 0.27667,
    "mrr_at_10": 0.43145,
    "mrr_at_100": 0.4411,
    "mrr_at_1000": 0.44123,
    "mrr_at_3": 0.38419,
    "mrr_at_5": 0.412,
    "ndcg_at_1": 0.2724,
    "ndcg_at_10": 0.51604,
    "ndcg_at_100": 0.55757,
    "ndcg_at_1000": 0.56048,
    "ndcg_at_3": 0.41799,
    "ndcg_at_5": 0.46868,
    "precision_at_1": 0.2724,
    "precision_at_10": 0.07909,
    "precision_at_100": 0.00974,
    "precision_at_1000": 0.001,
    "precision_at_3": 0.17402,
    "precision_at_5": 0.12888,
    "recall_at_1": 0.2724,
    "recall_at_10": 0.7909,
    "recall_at_100": 0.97368,
    "recall_at_1000": 0.99573,
    "recall_at_3": 0.52205,
    "recall_at_5": 0.64438
  }
}