{
  "BeIR_dataset_name": "cqadupstack/stats",
  "BeIR_version": "2.0.0",
  "test": {
    "evaluation_time": 0.54,
    "map_at_1": 0.23253,
    "map_at_10": 0.29793,
    "map_at_100": 0.30724,
    "map_at_1000": 0.3082,
    "map_at_3": 0.27786,
    "map_at_5": 0.28934,
    "mrr_at_1": 0.26074,
    "mrr_at_10": 0.32426,
    "mrr_at_100": 0.33251,
    "mrr_at_1000": 0.33321,
    "mrr_at_3": 0.30624,
    "mrr_at_5": 0.31659,
    "ndcg_at_1": 0.26074,
    "ndcg_at_10": 0.33683,
    "ndcg_at_100": 0.38406,
    "ndcg_at_1000": 0.4095,
    "ndcg_at_3": 0.29971,
    "ndcg_at_5": 0.31796,
    "precision_at_1": 0.26074,
    "precision_at_10": 0.05291,
    "precision_at_100": 0.00848,
    "precision_at_1000": 0.00114,
    "precision_at_3": 0.12883,
    "precision_at_5": 0.09018,
    "recall_at_1": 0.23253,
    "recall_at_10": 0.43048,
    "recall_at_100": 0.64658,
    "recall_at_1000": 0.83835,
    "recall_at_3": 0.32804,
    "recall_at_5": 0.37274
  }
}