{
  "BeIR_dataset_name": "cqadupstack/english",
  "BeIR_version": "2.0.0",
  "test": {
    "evaluation_time": 1.27,
    "map_at_1": 0.27845,
    "map_at_10": 0.37146,
    "map_at_100": 0.3823,
    "map_at_1000": 0.38366,
    "map_at_3": 0.34382,
    "map_at_5": 0.35971,
    "mrr_at_1": 0.3535,
    "mrr_at_10": 0.43063,
    "mrr_at_100": 0.43795,
    "mrr_at_1000": 0.43847,
    "mrr_at_3": 0.4086,
    "mrr_at_5": 0.42248,
    "ndcg_at_1": 0.3535,
    "ndcg_at_10": 0.42468,
    "ndcg_at_100": 0.46841,
    "ndcg_at_1000": 0.49141,
    "ndcg_at_3": 0.38534,
    "ndcg_at_5": 0.4042,
    "precision_at_1": 0.3535,
    "precision_at_10": 0.0793,
    "precision_at_100": 0.01282,
    "precision_at_1000": 0.00179,
    "precision_at_3": 0.18662,
    "precision_at_5": 0.13121,
    "recall_at_1": 0.27845,
    "recall_at_10": 0.51884,
    "recall_at_100": 0.70556,
    "recall_at_1000": 0.85168,
    "recall_at_3": 0.39886,
    "recall_at_5": 0.45548
  }
}