{
  "BeIR_dataset_name": "cqadupstack/tex",
  "BeIR_version": "2.0.0",
  "test": {
    "evaluation_time": 2.55,
    "map_at_1": 0.16062,
    "map_at_10": 0.22224,
    "map_at_100": 0.23345,
    "map_at_1000": 0.23484,
    "map_at_3": 0.2046,
    "map_at_5": 0.21291,
    "mrr_at_1": 0.19683,
    "mrr_at_10": 0.25969,
    "mrr_at_100": 0.26965,
    "mrr_at_1000": 0.27053,
    "mrr_at_3": 0.24272,
    "mrr_at_5": 0.25075,
    "ndcg_at_1": 0.19683,
    "ndcg_at_10": 0.26225,
    "ndcg_at_100": 0.31752,
    "ndcg_at_1000": 0.34989,
    "ndcg_at_3": 0.23058,
    "ndcg_at_5": 0.24184,
    "precision_at_1": 0.19683,
    "precision_at_10": 0.04745,
    "precision_at_100": 0.00894,
    "precision_at_1000": 0.00135,
    "precision_at_3": 0.10943,
    "precision_at_5": 0.07577,
    "recall_at_1": 0.16062,
    "recall_at_10": 0.34536,
    "recall_at_100": 0.59573,
    "recall_at_1000": 0.82782,
    "recall_at_3": 0.25268,
    "recall_at_5": 0.28442
  }
}