{
  "BeIR_dataset_name": "cqadupstack/physics",
  "BeIR_version": "2.0.0",
  "test": {
    "evaluation_time": 0.84,
    "map_at_1": 0.24994,
    "map_at_10": 0.34176,
    "map_at_100": 0.35507,
    "map_at_1000": 0.3564,
    "map_at_3": 0.31201,
    "map_at_5": 0.32715,
    "mrr_at_1": 0.30895,
    "mrr_at_10": 0.3958,
    "mrr_at_100": 0.40508,
    "mrr_at_1000": 0.4057,
    "mrr_at_3": 0.37103,
    "mrr_at_5": 0.38316,
    "ndcg_at_1": 0.30895,
    "ndcg_at_10": 0.39858,
    "ndcg_at_100": 0.45625,
    "ndcg_at_1000": 0.48133,
    "ndcg_at_3": 0.35044,
    "ndcg_at_5": 0.3697,
    "precision_at_1": 0.30895,
    "precision_at_10": 0.07276,
    "precision_at_100": 0.01204,
    "precision_at_1000": 0.00163,
    "precision_at_3": 0.16715,
    "precision_at_5": 0.11684,
    "recall_at_1": 0.24994,
    "recall_at_10": 0.51587,
    "recall_at_100": 0.76139,
    "recall_at_1000": 0.92638,
    "recall_at_3": 0.37654,
    "recall_at_5": 0.43149
  }
}