{
  "BeIR_dataset_name": "cqadupstack/android",
  "BeIR_version": "2.0.0",
  "test": {
    "evaluation_time": 0.51,
    "map_at_1": 0.32862,
    "map_at_10": 0.44019,
    "map_at_100": 0.45588,
    "map_at_1000": 0.45703,
    "map_at_3": 0.40588,
    "map_at_5": 0.42587,
    "mrr_at_1": 0.41202,
    "mrr_at_10": 0.50876,
    "mrr_at_100": 0.5152,
    "mrr_at_1000": 0.51566,
    "mrr_at_3": 0.48259,
    "mrr_at_5": 0.49983,
    "ndcg_at_1": 0.41202,
    "ndcg_at_10": 0.50522,
    "ndcg_at_100": 0.5548,
    "ndcg_at_1000": 0.57456,
    "ndcg_at_3": 0.4586,
    "ndcg_at_5": 0.48229,
    "precision_at_1": 0.41202,
    "precision_at_10": 0.09728,
    "precision_at_100": 0.01564,
    "precision_at_1000": 0.002,
    "precision_at_3": 0.22222,
    "precision_at_5": 0.16166,
    "recall_at_1": 0.32862,
    "recall_at_10": 0.61692,
    "recall_at_100": 0.82028,
    "recall_at_1000": 0.95317,
    "recall_at_3": 0.47538,
    "recall_at_5": 0.54329
  }
}