{
  "BeIR_dataset_name": "cqadupstack/programmers",
  "BeIR_version": "2.0.0",
  "test": {
    "evaluation_time": 0.71,
    "map_at_1": 0.26797,
    "map_at_10": 0.36008,
    "map_at_100": 0.37266,
    "map_at_1000": 0.37385,
    "map_at_3": 0.33076,
    "map_at_5": 0.34646,
    "mrr_at_1": 0.32763,
    "mrr_at_10": 0.41265,
    "mrr_at_100": 0.42113,
    "mrr_at_1000": 0.42173,
    "mrr_at_3": 0.3887,
    "mrr_at_5": 0.4012,
    "ndcg_at_1": 0.32763,
    "ndcg_at_10": 0.41518,
    "ndcg_at_100": 0.47084,
    "ndcg_at_1000": 0.49565,
    "ndcg_at_3": 0.36847,
    "ndcg_at_5": 0.3881,
    "precision_at_1": 0.32763,
    "precision_at_10": 0.07489,
    "precision_at_100": 0.01208,
    "precision_at_1000": 0.0016,
    "precision_at_3": 0.17352,
    "precision_at_5": 0.12237,
    "recall_at_1": 0.26797,
    "recall_at_10": 0.52633,
    "recall_at_100": 0.76633,
    "recall_at_1000": 0.93738,
    "recall_at_3": 0.39395,
    "recall_at_5": 0.44703
  }
}