{
  "BeIR_dataset_name": "cqadupstack/mathematica",
  "BeIR_version": "2.0.0",
  "test": {
    "evaluation_time": 0.61,
    "map_at_1": 0.14362,
    "map_at_10": 0.22002,
    "map_at_100": 0.2314,
    "map_at_1000": 0.23276,
    "map_at_3": 0.19334,
    "map_at_5": 0.20883,
    "mrr_at_1": 0.1791,
    "mrr_at_10": 0.26052,
    "mrr_at_100": 0.26992,
    "mrr_at_1000": 0.27072,
    "mrr_at_3": 0.23259,
    "mrr_at_5": 0.24894,
    "ndcg_at_1": 0.1791,
    "ndcg_at_10": 0.27083,
    "ndcg_at_100": 0.32742,
    "ndcg_at_1000": 0.35773,
    "ndcg_at_3": 0.21964,
    "ndcg_at_5": 0.2447,
    "precision_at_1": 0.1791,
    "precision_at_10": 0.05124,
    "precision_at_100": 0.00934,
    "precision_at_1000": 0.00132,
    "precision_at_3": 0.10531,
    "precision_at_5": 0.08085,
    "recall_at_1": 0.14362,
    "recall_at_10": 0.38881,
    "recall_at_100": 0.63809,
    "recall_at_1000": 0.85114,
    "recall_at_3": 0.24875,
    "recall_at_5": 0.31038
  }
}