{
  "BeIR_dataset_name": "cqadupstack/gis",
  "BeIR_version": "2.0.0",
  "test": {
    "evaluation_time": 0.71,
    "map_at_1": 0.2378,
    "map_at_10": 0.31617,
    "map_at_100": 0.32825,
    "map_at_1000": 0.32916,
    "map_at_3": 0.2902,
    "map_at_5": 0.30434,
    "mrr_at_1": 0.25537,
    "mrr_at_10": 0.33447,
    "mrr_at_100": 0.34517,
    "mrr_at_1000": 0.34583,
    "mrr_at_3": 0.30847,
    "mrr_at_5": 0.32271,
    "ndcg_at_1": 0.25537,
    "ndcg_at_10": 0.36423,
    "ndcg_at_100": 0.41965,
    "ndcg_at_1000": 0.44187,
    "ndcg_at_3": 0.31182,
    "ndcg_at_5": 0.33645,
    "precision_at_1": 0.25537,
    "precision_at_10": 0.05616,
    "precision_at_100": 0.0088,
    "precision_at_1000": 0.00111,
    "precision_at_3": 0.1307,
    "precision_at_5": 0.0922,
    "recall_at_1": 0.2378,
    "recall_at_10": 0.49597,
    "recall_at_100": 0.7416,
    "recall_at_1000": 0.90699,
    "recall_at_3": 0.35344,
    "recall_at_5": 0.41333
  }
}