{
  "BeIR_dataset_name": "cqadupstack/wordpress",
  "BeIR_version": "2.0.0",
  "test": {
    "evaluation_time": 0.57,
    "map_at_1": 0.18213,
    "map_at_10": 0.26199,
    "map_at_100": 0.27169,
    "map_at_1000": 0.27277,
    "map_at_3": 0.23892,
    "map_at_5": 0.2516,
    "mrr_at_1": 0.19963,
    "mrr_at_10": 0.28153,
    "mrr_at_100": 0.29046,
    "mrr_at_1000": 0.29124,
    "mrr_at_3": 0.25847,
    "mrr_at_5": 0.27206,
    "ndcg_at_1": 0.19963,
    "ndcg_at_10": 0.30723,
    "ndcg_at_100": 0.35733,
    "ndcg_at_1000": 0.38632,
    "ndcg_at_3": 0.26238,
    "ndcg_at_5": 0.2844,
    "precision_at_1": 0.19963,
    "precision_at_10": 0.04954,
    "precision_at_100": 0.0081,
    "precision_at_1000": 0.00116,
    "precision_at_3": 0.1146,
    "precision_at_5": 0.0817,
    "recall_at_1": 0.18213,
    "recall_at_10": 0.42668,
    "recall_at_100": 0.66042,
    "recall_at_1000": 0.88249,
    "recall_at_3": 0.30822,
    "recall_at_5": 0.36081
  }
}