{
  "BeIR_dataset_name": "cqadupstack/gaming",
  "BeIR_version": "2.0.0",
  "test": {
    "evaluation_time": 1.32,
    "map_at_1": 0.39822,
    "map_at_10": 0.5178,
    "map_at_100": 0.5279,
    "map_at_1000": 0.5285,
    "map_at_3": 0.48318,
    "map_at_5": 0.50348,
    "mrr_at_1": 0.45266,
    "mrr_at_10": 0.55261,
    "mrr_at_100": 0.55887,
    "mrr_at_1000": 0.55916,
    "mrr_at_3": 0.52623,
    "mrr_at_5": 0.54206,
    "ndcg_at_1": 0.45266,
    "ndcg_at_10": 0.57692,
    "ndcg_at_100": 0.61686,
    "ndcg_at_1000": 0.62791,
    "ndcg_at_3": 0.51889,
    "ndcg_at_5": 0.54874,
    "precision_at_1": 0.45266,
    "precision_at_10": 0.09273,
    "precision_at_100": 0.01221,
    "precision_at_1000": 0.00136,
    "precision_at_3": 0.22968,
    "precision_at_5": 0.15975,
    "recall_at_1": 0.39822,
    "recall_at_10": 0.71662,
    "recall_at_100": 0.88943,
    "recall_at_1000": 0.96626,
    "recall_at_3": 0.56325,
    "recall_at_5": 0.63566
  }
}