{
  "BeIR_dataset_name": "cqadupstack/unix",
  "BeIR_version": "2.0.0",
  "test": {
    "evaluation_time": 0.9,
    "map_at_1": 0.24681,
    "map_at_10": 0.3327,
    "map_at_100": 0.34484,
    "map_at_1000": 0.34586,
    "map_at_3": 0.30593,
    "map_at_5": 0.32069,
    "mrr_at_1": 0.29104,
    "mrr_at_10": 0.37416,
    "mrr_at_100": 0.38345,
    "mrr_at_1000": 0.38403,
    "mrr_at_3": 0.34873,
    "mrr_at_5": 0.3629,
    "ndcg_at_1": 0.29104,
    "ndcg_at_10": 0.38555,
    "ndcg_at_100": 0.44209,
    "ndcg_at_1000": 0.46487,
    "ndcg_at_3": 0.33597,
    "ndcg_at_5": 0.35854,
    "precision_at_1": 0.29104,
    "precision_at_10": 0.06549,
    "precision_at_100": 0.01064,
    "precision_at_1000": 0.00137,
    "precision_at_3": 0.15236,
    "precision_at_5": 0.10765,
    "recall_at_1": 0.24681,
    "recall_at_10": 0.50539,
    "recall_at_100": 0.75268,
    "recall_at_1000": 0.91158,
    "recall_at_3": 0.36861,
    "recall_at_5": 0.42677
  }
}