{
  "BeIR_dataset_name": "cqadupstack/webmasters",
  "BeIR_version": "2.0.0",
  "test": {
    "evaluation_time": 0.38,
    "map_at_1": 0.28129,
    "map_at_10": 0.36139,
    "map_at_100": 0.37695,
    "map_at_1000": 0.37936,
    "map_at_3": 0.33215,
    "map_at_5": 0.34771,
    "mrr_at_1": 0.34585,
    "mrr_at_10": 0.41355,
    "mrr_at_100": 0.42382,
    "mrr_at_1000": 0.42436,
    "mrr_at_3": 0.38999,
    "mrr_at_5": 0.40352,
    "ndcg_at_1": 0.34585,
    "ndcg_at_10": 0.41745,
    "ndcg_at_100": 0.47222,
    "ndcg_at_1000": 0.49814,
    "ndcg_at_3": 0.37334,
    "ndcg_at_5": 0.392,
    "precision_at_1": 0.34585,
    "precision_at_10": 0.07787,
    "precision_at_100": 0.01512,
    "precision_at_1000": 0.00242,
    "precision_at_3": 0.17194,
    "precision_at_5": 0.12213,
    "recall_at_1": 0.28129,
    "recall_at_10": 0.51525,
    "recall_at_100": 0.7626,
    "recall_at_1000": 0.9238,
    "recall_at_3": 0.38267,
    "recall_at_5": 0.43928
  }
}