{
  "BeIR_dataset_name": "fiqa",
  "BeIR_version": "2.0.0",
  "test": {
    "evaluation_time": 0.54,
    "map_at_1": 0.19289,
    "map_at_10": 0.29789,
    "map_at_100": 0.31817,
    "map_at_1000": 0.31998,
    "map_at_3": 0.25882,
    "map_at_5": 0.28194,
    "mrr_at_1": 0.37346,
    "mrr_at_10": 0.45299,
    "mrr_at_100": 0.46311,
    "mrr_at_1000": 0.46349,
    "mrr_at_3": 0.42387,
    "mrr_at_5": 0.44185,
    "ndcg_at_1": 0.37346,
    "ndcg_at_10": 0.37322,
    "ndcg_at_100": 0.44842,
    "ndcg_at_1000": 0.48122,
    "ndcg_at_3": 0.32973,
    "ndcg_at_5": 0.34918,
    "precision_at_1": 0.37346,
    "precision_at_10": 0.10247,
    "precision_at_100": 0.01781,
    "precision_at_1000": 0.00236,
    "precision_at_3": 0.21656,
    "precision_at_5": 0.16389,
    "recall_at_1": 0.19289,
    "recall_at_10": 0.43901,
    "recall_at_100": 0.71367,
    "recall_at_1000": 0.91549,
    "recall_at_3": 0.29519,
    "recall_at_5": 0.36725
  }
}