{
  "BeIR_dataset_name": "nfcorpus",
  "BeIR_version": "2.0.0",
  "test": {
    "evaluation_time": 0.24,
    "map_at_1": 0.06353,
    "map_at_10": 0.13098,
    "map_at_100": 0.16592,
    "map_at_1000": 0.18063,
    "map_at_3": 0.09722,
    "map_at_5": 0.11166,
    "mrr_at_1": 0.47988,
    "mrr_at_10": 0.5607,
    "mrr_at_100": 0.56565,
    "mrr_at_1000": 0.566,
    "mrr_at_3": 0.53664,
    "mrr_at_5": 0.55134,
    "ndcg_at_1": 0.45666,
    "ndcg_at_10": 0.35343,
    "ndcg_at_100": 0.3236,
    "ndcg_at_1000": 0.40962,
    "ndcg_at_3": 0.40591,
    "ndcg_at_5": 0.38042,
    "precision_at_1": 0.47678,
    "precision_at_10": 0.2644,
    "precision_at_100": 0.08198,
    "precision_at_1000": 0.02092,
    "precision_at_3": 0.37668,
    "precision_at_5": 0.32632,
    "recall_at_1": 0.06353,
    "recall_at_10": 0.16908,
    "recall_at_100": 0.32419,
    "recall_at_1000": 0.63822,
    "recall_at_3": 0.1031,
    "recall_at_5": 0.1277
  }
}