{
  "BeIR_dataset_name": "nq",
  "BeIR_version": "2.0.0",
  "test": {
    "evaluation_time": 3.4,
    "map_at_1": 0.29529,
    "map_at_10": 0.45153,
    "map_at_100": 0.46217,
    "map_at_1000": 0.46246,
    "map_at_3": 0.40536,
    "map_at_5": 0.43334,
    "mrr_at_1": 0.33401,
    "mrr_at_10": 0.47695,
    "mrr_at_100": 0.48497,
    "mrr_at_1000": 0.48517,
    "mrr_at_3": 0.43892,
    "mrr_at_5": 0.46224,
    "ndcg_at_1": 0.33372,
    "ndcg_at_10": 0.53197,
    "ndcg_at_100": 0.57538,
    "ndcg_at_1000": 0.58181,
    "ndcg_at_3": 0.44561,
    "ndcg_at_5": 0.49202,
    "precision_at_1": 0.33372,
    "precision_at_10": 0.08946,
    "precision_at_100": 0.01137,
    "precision_at_1000": 0.0012,
    "precision_at_3": 0.20442,
    "precision_at_5": 0.1493,
    "recall_at_1": 0.29529,
    "recall_at_10": 0.7522,
    "recall_at_100": 0.93627,
    "recall_at_1000": 0.98426,
    "recall_at_3": 0.52878,
    "recall_at_5": 0.63603
  }
}