{
  "BeIR_dataset_name": "scidocs",
  "BeIR_version": "2.0.0",
  "test": {
    "evaluation_time": 1.1,
    "map_at_1": 0.04213,
    "map_at_10": 0.10595,
    "map_at_100": 0.12504,
    "map_at_1000": 0.1282,
    "map_at_3": 0.07495,
    "map_at_5": 0.08883,
    "mrr_at_1": 0.207,
    "mrr_at_10": 0.31353,
    "mrr_at_100": 0.32367,
    "mrr_at_1000": 0.32441,
    "mrr_at_3": 0.27867,
    "mrr_at_5": 0.29682,
    "ndcg_at_1": 0.207,
    "ndcg_at_10": 0.18297,
    "ndcg_at_100": 0.25832,
    "ndcg_at_1000": 0.31554,
    "ndcg_at_3": 0.16919,
    "ndcg_at_5": 0.14743,
    "precision_at_1": 0.207,
    "precision_at_10": 0.0966,
    "precision_at_100": 0.02054,
    "precision_at_1000": 0.00343,
    "precision_at_3": 0.158,
    "precision_at_5": 0.1292,
    "recall_at_1": 0.04213,
    "recall_at_10": 0.19622,
    "recall_at_100": 0.41708,
    "recall_at_1000": 0.69603,
    "recall_at_3": 0.09638,
    "recall_at_5": 0.13088
  }
}