{
  "BeIR_dataset_name": "scifact",
  "BeIR_version": "2.0.0",
  "test": {
    "evaluation_time": 0.22,
    "map_at_1": 0.55011,
    "map_at_10": 0.66115,
    "map_at_100": 0.66678,
    "map_at_1000": 0.66699,
    "map_at_3": 0.63453,
    "map_at_5": 0.65076,
    "mrr_at_1": 0.57667,
    "mrr_at_10": 0.67362,
    "mrr_at_100": 0.67741,
    "mrr_at_1000": 0.6776,
    "mrr_at_3": 0.65278,
    "mrr_at_5": 0.66528,
    "ndcg_at_1": 0.57667,
    "ndcg_at_10": 0.71047,
    "ndcg_at_100": 0.73445,
    "ndcg_at_1000": 0.73901,
    "ndcg_at_3": 0.66466,
    "ndcg_at_5": 0.68888,
    "precision_at_1": 0.57667,
    "precision_at_10": 0.095,
    "precision_at_100": 0.01083,
    "precision_at_1000": 0.00112,
    "precision_at_3": 0.26333,
    "precision_at_5": 0.17333,
    "recall_at_1": 0.55011,
    "recall_at_10": 0.84639,
    "recall_at_100": 0.956,
    "recall_at_1000": 0.99,
    "recall_at_3": 0.7235,
    "recall_at_5": 0.785
  }
}