{
  "BeIR_dataset_name": "trec-covid",
  "BeIR_version": "2.0.0",
  "test": {
    "evaluation_time": 0.07,
    "map_at_1": 0.00173,
    "map_at_10": 0.01195,
    "map_at_100": 0.05792,
    "map_at_1000": 0.16284,
    "map_at_3": 0.00445,
    "map_at_5": 0.00679,
    "mrr_at_1": 0.62,
    "mrr_at_10": 0.75905,
    "mrr_at_100": 0.75905,
    "mrr_at_1000": 0.75905,
    "mrr_at_3": 0.74333,
    "mrr_at_5": 0.74833,
    "ndcg_at_1": 0.58,
    "ndcg_at_10": 0.52214,
    "ndcg_at_100": 0.39051,
    "ndcg_at_1000": 0.41132,
    "ndcg_at_3": 0.56123,
    "ndcg_at_5": 0.53551,
    "precision_at_1": 0.62,
    "precision_at_10": 0.562,
    "precision_at_100": 0.3974,
    "precision_at_1000": 0.18872,
    "precision_at_3": 0.6,
    "precision_at_5": 0.572,
    "recall_at_1": 0.00173,
    "recall_at_10": 0.01494,
    "recall_at_100": 0.09527,
    "recall_at_1000": 0.40013,
    "recall_at_3": 0.00493,
    "recall_at_5": 0.00794
  }
}