{
  "BeIR_dataset_name": "webis-touche2020",
  "BeIR_version": "2.0.0",
  "test": {
    "evaluation_time": 0.05,
    "map_at_1": 0.00835,
    "map_at_10": 0.05259,
    "map_at_100": 0.09592,
    "map_at_1000": 0.10917,
    "map_at_3": 0.02778,
    "map_at_5": 0.04246,
    "mrr_at_1": 0.14286,
    "mrr_at_10": 0.27874,
    "mrr_at_100": 0.29702,
    "mrr_at_1000": 0.29702,
    "mrr_at_3": 0.2381,
    "mrr_at_5": 0.26667,
    "ndcg_at_1": 0.12245,
    "ndcg_at_10": 0.13979,
    "ndcg_at_100": 0.2658,
    "ndcg_at_1000": 0.3776,
    "ndcg_at_3": 0.15603,
    "ndcg_at_5": 0.1499,
    "precision_at_1": 0.14286,
    "precision_at_10": 0.13265,
    "precision_at_100": 0.06224,
    "precision_at_1000": 0.01357,
    "precision_at_3": 0.17007,
    "precision_at_5": 0.17143,
    "recall_at_1": 0.00835,
    "recall_at_10": 0.09608,
    "recall_at_100": 0.39424,
    "recall_at_1000": 0.74246,
    "recall_at_3": 0.04033,
    "recall_at_5": 0.06771
  }
}