{
  "BeIR_dataset_name": "arguana",
  "BeIR_version": "2.0.0",
  "test": {
    "evaluation_time": 1.0,
    "map_at_1": 0.40754,
    "map_at_10": 0.55773,
    "map_at_100": 0.56344,
    "map_at_1000": 0.56347,
    "map_at_3": 0.51932,
    "map_at_5": 0.54023,
    "mrr_at_1": 0.41394,
    "mrr_at_10": 0.56037,
    "mrr_at_100": 0.56608,
    "mrr_at_1000": 0.56611,
    "mrr_at_3": 0.52086,
    "mrr_at_5": 0.54291,
    "ndcg_at_1": 0.40754,
    "ndcg_at_10": 0.63616,
    "ndcg_at_100": 0.66063,
    "ndcg_at_1000": 0.6613,
    "ndcg_at_3": 0.55717,
    "ndcg_at_5": 0.59461,
    "precision_at_1": 0.40754,
    "precision_at_10": 0.08841,
    "precision_at_100": 0.00991,
    "precision_at_1000": 0.001,
    "precision_at_3": 0.22238,
    "precision_at_5": 0.15149,
    "recall_at_1": 0.40754,
    "recall_at_10": 0.88407,
    "recall_at_100": 0.99147,
    "recall_at_1000": 0.99644,
    "recall_at_3": 0.66714,
    "recall_at_5": 0.75747
  }
}