{
  "BeIR_dataset_name": "cqadupstack/webmasters",
  "BeIR_version": "2.0.0",
  "test": {
    "evaluation_time": 0.36,
    "map_at_1": 0.25639,
    "map_at_10": 0.34096,
    "map_at_100": 0.35699,
    "map_at_1000": 0.35906,
    "map_at_3": 0.3111,
    "map_at_5": 0.32532,
    "mrr_at_1": 0.31028,
    "mrr_at_10": 0.38513,
    "mrr_at_100": 0.39534,
    "mrr_at_1000": 0.39591,
    "mrr_at_3": 0.35837,
    "mrr_at_5": 0.37092,
    "ndcg_at_1": 0.31028,
    "ndcg_at_10": 0.39655,
    "ndcg_at_100": 0.45802,
    "ndcg_at_1000": 0.48337,
    "ndcg_at_3": 0.3475,
    "ndcg_at_5": 0.36645,
    "precision_at_1": 0.31028,
    "precision_at_10": 0.0751,
    "precision_at_100": 0.01522,
    "precision_at_1000": 0.0024,
    "precision_at_3": 0.15876,
    "precision_at_5": 0.11462,
    "recall_at_1": 0.25639,
    "recall_at_10": 0.50397,
    "recall_at_100": 0.77759,
    "recall_at_1000": 0.93862,
    "recall_at_3": 0.36548,
    "recall_at_5": 0.41568
  }
}