{
  "BeIR_dataset_name": "cqadupstack/tex",
  "BeIR_version": "2.0.0",
  "test": {
    "evaluation_time": 2.44,
    "map_at_1": 0.1789,
    "map_at_10": 0.25242,
    "map_at_100": 0.26353,
    "map_at_1000": 0.26479,
    "map_at_3": 0.22791,
    "map_at_5": 0.24104,
    "mrr_at_1": 0.2161,
    "mrr_at_10": 0.29067,
    "mrr_at_100": 0.2997,
    "mrr_at_1000": 0.30048,
    "mrr_at_3": 0.26749,
    "mrr_at_5": 0.27997,
    "ndcg_at_1": 0.2161,
    "ndcg_at_10": 0.29996,
    "ndcg_at_100": 0.35244,
    "ndcg_at_1000": 0.38167,
    "ndcg_at_3": 0.25559,
    "ndcg_at_5": 0.27522,
    "precision_at_1": 0.2161,
    "precision_at_10": 0.05444,
    "precision_at_100": 0.00945,
    "precision_at_1000": 0.00138,
    "precision_at_3": 0.1201,
    "precision_at_5": 0.08706,
    "recall_at_1": 0.1789,
    "recall_at_10": 0.40543,
    "recall_at_100": 0.64118,
    "recall_at_1000": 0.84872,
    "recall_at_3": 0.28061,
    "recall_at_5": 0.3317
  }
}