{
  "BeIR_dataset_name": "cqadupstack/english",
  "BeIR_version": "2.0.0",
  "test": {
    "evaluation_time": 1.21,
    "map_at_1": 0.30325,
    "map_at_10": 0.40489,
    "map_at_100": 0.41741,
    "map_at_1000": 0.41872,
    "map_at_3": 0.3771,
    "map_at_5": 0.39234,
    "mrr_at_1": 0.3828,
    "mrr_at_10": 0.46452,
    "mrr_at_100": 0.47176,
    "mrr_at_1000": 0.47215,
    "mrr_at_3": 0.44565,
    "mrr_at_5": 0.45603,
    "ndcg_at_1": 0.3828,
    "ndcg_at_10": 0.45976,
    "ndcg_at_100": 0.5057,
    "ndcg_at_1000": 0.52582,
    "ndcg_at_3": 0.42361,
    "ndcg_at_5": 0.43919,
    "precision_at_1": 0.3828,
    "precision_at_10": 0.08637,
    "precision_at_100": 0.01401,
    "precision_at_1000": 0.00189,
    "precision_at_3": 0.20637,
    "precision_at_5": 0.14395,
    "recall_at_1": 0.30325,
    "recall_at_10": 0.55358,
    "recall_at_100": 0.74943,
    "recall_at_1000": 0.87718,
    "recall_at_3": 0.44049,
    "recall_at_5": 0.488
  }
}