{
  "BeIR_dataset_name": "cqadupstack/programmers",
  "BeIR_version": "2.0.0",
  "test": {
    "evaluation_time": 0.66,
    "map_at_1": 0.24575,
    "map_at_10": 0.34388,
    "map_at_100": 0.35721,
    "map_at_1000": 0.35848,
    "map_at_3": 0.31261,
    "map_at_5": 0.33045,
    "mrr_at_1": 0.30365,
    "mrr_at_10": 0.39732,
    "mrr_at_100": 0.4065,
    "mrr_at_1000": 0.40716,
    "mrr_at_3": 0.3731,
    "mrr_at_5": 0.38742,
    "ndcg_at_1": 0.30365,
    "ndcg_at_10": 0.40204,
    "ndcg_at_100": 0.45982,
    "ndcg_at_1000": 0.4845,
    "ndcg_at_3": 0.35323,
    "ndcg_at_5": 0.37594,
    "precision_at_1": 0.30365,
    "precision_at_10": 0.07523,
    "precision_at_100": 0.01202,
    "precision_at_1000": 0.0016,
    "precision_at_3": 0.16971,
    "precision_at_5": 0.12283,
    "recall_at_1": 0.24575,
    "recall_at_10": 0.51997,
    "recall_at_100": 0.77075,
    "recall_at_1000": 0.93339,
    "recall_at_3": 0.3853,
    "recall_at_5": 0.44416
  }
}