{
  "BeIR_dataset_name": "cqadupstack/unix",
  "BeIR_version": "2.0.0",
  "test": {
    "evaluation_time": 0.85,
    "map_at_1": 0.2572,
    "map_at_10": 0.34716,
    "map_at_100": 0.36007,
    "map_at_1000": 0.36104,
    "map_at_3": 0.3205,
    "map_at_5": 0.33539,
    "mrr_at_1": 0.30504,
    "mrr_at_10": 0.38959,
    "mrr_at_100": 0.39951,
    "mrr_at_1000": 0.40005,
    "mrr_at_3": 0.36614,
    "mrr_at_5": 0.37938,
    "ndcg_at_1": 0.30504,
    "ndcg_at_10": 0.40062,
    "ndcg_at_100": 0.45976,
    "ndcg_at_1000": 0.48154,
    "ndcg_at_3": 0.35324,
    "ndcg_at_5": 0.3749,
    "precision_at_1": 0.30504,
    "precision_at_10": 0.06791,
    "precision_at_100": 0.01101,
    "precision_at_1000": 0.0014,
    "precision_at_3": 0.16076,
    "precision_at_5": 0.11325,
    "recall_at_1": 0.2572,
    "recall_at_10": 0.52054,
    "recall_at_100": 0.77879,
    "recall_at_1000": 0.92955,
    "recall_at_3": 0.39125,
    "recall_at_5": 0.44518
  }
}