{
  "BeIR_dataset_name": "cqadupstack/gis",
  "BeIR_version": "2.0.0",
  "test": {
    "evaluation_time": 0.67,
    "map_at_1": 0.26948,
    "map_at_10": 0.35631,
    "map_at_100": 0.36565,
    "map_at_1000": 0.36638,
    "map_at_3": 0.32481,
    "map_at_5": 0.34178,
    "mrr_at_1": 0.29379,
    "mrr_at_10": 0.37831,
    "mrr_at_100": 0.38622,
    "mrr_at_1000": 0.38681,
    "mrr_at_3": 0.34972,
    "mrr_at_5": 0.3652,
    "ndcg_at_1": 0.29379,
    "ndcg_at_10": 0.40882,
    "ndcg_at_100": 0.45488,
    "ndcg_at_1000": 0.47429,
    "ndcg_at_3": 0.34788,
    "ndcg_at_5": 0.37635,
    "precision_at_1": 0.29379,
    "precision_at_10": 0.06328,
    "precision_at_100": 0.00908,
    "precision_at_1000": 0.00111,
    "precision_at_3": 0.14313,
    "precision_at_5": 0.1026,
    "recall_at_1": 0.26948,
    "recall_at_10": 0.55199,
    "recall_at_100": 0.76433,
    "recall_at_1000": 0.91053,
    "recall_at_3": 0.38667,
    "recall_at_5": 0.45587
  }
}