{
  "BeIR_dataset_name": "cqadupstack/gaming",
  "BeIR_version": "2.0.0",
  "test": {
    "evaluation_time": 1.26,
    "map_at_1": 0.40014,
    "map_at_10": 0.52815,
    "map_at_100": 0.53829,
    "map_at_1000": 0.53877,
    "map_at_3": 0.49564,
    "map_at_5": 0.51418,
    "mrr_at_1": 0.45893,
    "mrr_at_10": 0.56109,
    "mrr_at_100": 0.56766,
    "mrr_at_1000": 0.56793,
    "mrr_at_3": 0.53647,
    "mrr_at_5": 0.55158,
    "ndcg_at_1": 0.45893,
    "ndcg_at_10": 0.58668,
    "ndcg_at_100": 0.6268,
    "ndcg_at_1000": 0.63695,
    "ndcg_at_3": 0.53285,
    "ndcg_at_5": 0.56024,
    "precision_at_1": 0.45893,
    "precision_at_10": 0.09448,
    "precision_at_100": 0.01242,
    "precision_at_1000": 0.00137,
    "precision_at_3": 0.23845,
    "precision_at_5": 0.16364,
    "recall_at_1": 0.40014,
    "recall_at_10": 0.72581,
    "recall_at_100": 0.8988,
    "recall_at_1000": 0.97109,
    "recall_at_3": 0.58448,
    "recall_at_5": 0.65057
  }
}