{
  "BeIR_dataset_name": "cqadupstack/physics",
  "BeIR_version": "2.0.0",
  "test": {
    "evaluation_time": 0.79,
    "map_at_1": 0.29675,
    "map_at_10": 0.40119,
    "map_at_100": 0.4138,
    "map_at_1000": 0.41496,
    "map_at_3": 0.36963,
    "map_at_5": 0.38701,
    "mrr_at_1": 0.36189,
    "mrr_at_10": 0.45536,
    "mrr_at_100": 0.46351,
    "mrr_at_1000": 0.46403,
    "mrr_at_3": 0.4315,
    "mrr_at_5": 0.44517,
    "ndcg_at_1": 0.36189,
    "ndcg_at_10": 0.46086,
    "ndcg_at_100": 0.51273,
    "ndcg_at_1000": 0.53447,
    "ndcg_at_3": 0.41008,
    "ndcg_at_5": 0.43332,
    "precision_at_1": 0.36189,
    "precision_at_10": 0.08277,
    "precision_at_100": 0.01267,
    "precision_at_1000": 0.00165,
    "precision_at_3": 0.19378,
    "precision_at_5": 0.13705,
    "recall_at_1": 0.29675,
    "recall_at_10": 0.5856,
    "recall_at_100": 0.80149,
    "recall_at_1000": 0.94328,
    "recall_at_3": 0.44161,
    "recall_at_5": 0.50104
  }
}