{
  "BeIR_dataset_name": "cqadupstack/stats",
  "BeIR_version": "2.0.0",
  "test": {
    "evaluation_time": 0.51,
    "map_at_1": 0.2347,
    "map_at_10": 0.30845,
    "map_at_100": 0.31709,
    "map_at_1000": 0.318,
    "map_at_3": 0.28635,
    "map_at_5": 0.29798,
    "mrr_at_1": 0.26687,
    "mrr_at_10": 0.33769,
    "mrr_at_100": 0.34575,
    "mrr_at_1000": 0.34637,
    "mrr_at_3": 0.31697,
    "mrr_at_5": 0.32817,
    "ndcg_at_1": 0.26687,
    "ndcg_at_10": 0.35253,
    "ndcg_at_100": 0.39732,
    "ndcg_at_1000": 0.42117,
    "ndcg_at_3": 0.31079,
    "ndcg_at_5": 0.32938,
    "precision_at_1": 0.26687,
    "precision_at_10": 0.05521,
    "precision_at_100": 0.00851,
    "precision_at_1000": 0.00113,
    "precision_at_3": 0.13344,
    "precision_at_5": 0.09294,
    "recall_at_1": 0.2347,
    "recall_at_10": 0.4613,
    "recall_at_100": 0.66716,
    "recall_at_1000": 0.8458,
    "recall_at_3": 0.34506,
    "recall_at_5": 0.3905
  }
}