{
  "BeIR_dataset_name": "cqadupstack/wordpress",
  "BeIR_version": "2.0.0",
  "test": {
    "evaluation_time": 0.51,
    "map_at_1": 0.22286,
    "map_at_10": 0.29575,
    "map_at_100": 0.30535,
    "map_at_1000": 0.30625,
    "map_at_3": 0.27097,
    "map_at_5": 0.28313,
    "mrr_at_1": 0.24399,
    "mrr_at_10": 0.31856,
    "mrr_at_100": 0.32668,
    "mrr_at_1000": 0.32731,
    "mrr_at_3": 0.2939,
    "mrr_at_5": 0.30684,
    "ndcg_at_1": 0.24399,
    "ndcg_at_10": 0.34459,
    "ndcg_at_100": 0.39415,
    "ndcg_at_1000": 0.41805,
    "ndcg_at_3": 0.29377,
    "ndcg_at_5": 0.31523,
    "precision_at_1": 0.24399,
    "precision_at_10": 0.05508,
    "precision_at_100": 0.00856,
    "precision_at_1000": 0.00117,
    "precision_at_3": 0.12384,
    "precision_at_5": 0.08762,
    "recall_at_1": 0.22286,
    "recall_at_10": 0.47421,
    "recall_at_100": 0.70982,
    "recall_at_1000": 0.88738,
    "recall_at_3": 0.33512,
    "recall_at_5": 0.38762
  }
}