{
  "BeIR_dataset_name": "cqadupstack/mathematica",
  "BeIR_version": "2.0.0",
  "test": {
    "evaluation_time": 0.57,
    "map_at_1": 0.17144,
    "map_at_10": 0.25526,
    "map_at_100": 0.26717,
    "map_at_1000": 0.26838,
    "map_at_3": 0.22782,
    "map_at_5": 0.24364,
    "mrr_at_1": 0.21393,
    "mrr_at_10": 0.30307,
    "mrr_at_100": 0.31237,
    "mrr_at_1000": 0.31302,
    "mrr_at_3": 0.27591,
    "mrr_at_5": 0.29171,
    "ndcg_at_1": 0.21393,
    "ndcg_at_10": 0.30966,
    "ndcg_at_100": 0.36848,
    "ndcg_at_1000": 0.39622,
    "ndcg_at_3": 0.25864,
    "ndcg_at_5": 0.2838,
    "precision_at_1": 0.21393,
    "precision_at_10": 0.05672,
    "precision_at_100": 0.00998,
    "precision_at_1000": 0.00138,
    "precision_at_3": 0.12313,
    "precision_at_5": 0.09129,
    "recall_at_1": 0.17144,
    "recall_at_10": 0.43098,
    "recall_at_100": 0.69192,
    "recall_at_1000": 0.88587,
    "recall_at_3": 0.29067,
    "recall_at_5": 0.35469
  }
}