{
  "BeIR_dataset_name": "cqadupstack/android",
  "BeIR_version": "2.0.0",
  "test": {
    "evaluation_time": 0.49,
    "map_at_1": 0.31616,
    "map_at_10": 0.43323,
    "map_at_100": 0.44903,
    "map_at_1000": 0.45026,
    "map_at_3": 0.39684,
    "map_at_5": 0.41655,
    "mrr_at_1": 0.38913,
    "mrr_at_10": 0.49624,
    "mrr_at_100": 0.50318,
    "mrr_at_1000": 0.50358,
    "mrr_at_3": 0.46853,
    "mrr_at_5": 0.48498,
    "ndcg_at_1": 0.38913,
    "ndcg_at_10": 0.5021,
    "ndcg_at_100": 0.55422,
    "ndcg_at_1000": 0.57285,
    "ndcg_at_3": 0.45032,
    "ndcg_at_5": 0.47274,
    "precision_at_1": 0.38913,
    "precision_at_10": 0.098,
    "precision_at_100": 0.01551,
    "precision_at_1000": 0.00201,
    "precision_at_3": 0.22031,
    "precision_at_5": 0.1568,
    "recall_at_1": 0.31616,
    "recall_at_10": 0.63282,
    "recall_at_100": 0.8482,
    "recall_at_1000": 0.96604,
    "recall_at_3": 0.47616,
    "recall_at_5": 0.54411
  }
}