{
  "BeIR_dataset_name": "fiqa",
  "BeIR_version": "2.0.0",
  "test": {
    "evaluation_time": 0.51,
    "map_at_1": 0.19289,
    "map_at_10": 0.31304,
    "map_at_100": 0.33227,
    "map_at_1000": 0.33406,
    "map_at_3": 0.27362,
    "map_at_5": 0.29319,
    "mrr_at_1": 0.38735,
    "mrr_at_10": 0.47397,
    "mrr_at_100": 0.48251,
    "mrr_at_1000": 0.48285,
    "mrr_at_3": 0.44959,
    "mrr_at_5": 0.46301,
    "ndcg_at_1": 0.38735,
    "ndcg_at_10": 0.39095,
    "ndcg_at_100": 0.46331,
    "ndcg_at_1000": 0.49281,
    "ndcg_at_3": 0.35576,
    "ndcg_at_5": 0.36204,
    "precision_at_1": 0.38735,
    "precision_at_10": 0.11019,
    "precision_at_100": 0.01838,
    "precision_at_1000": 0.00237,
    "precision_at_3": 0.23765,
    "precision_at_5": 0.17099,
    "recall_at_1": 0.19289,
    "recall_at_10": 0.4572,
    "recall_at_100": 0.73139,
    "recall_at_1000": 0.90703,
    "recall_at_3": 0.32242,
    "recall_at_5": 0.37282
  }
}