{
  "BeIR_dataset_name": "nfcorpus",
  "BeIR_version": "2.0.0",
  "test": {
    "evaluation_time": 0.23,
    "map_at_1": 0.06352,
    "map_at_10": 0.14183,
    "map_at_100": 0.17945,
    "map_at_1000": 0.19455,
    "map_at_3": 0.10554,
    "map_at_5": 0.1223,
    "mrr_at_1": 0.47368,
    "mrr_at_10": 0.56702,
    "mrr_at_100": 0.57225,
    "mrr_at_1000": 0.57266,
    "mrr_at_3": 0.54799,
    "mrr_at_5": 0.56161,
    "ndcg_at_1": 0.45046,
    "ndcg_at_10": 0.3681,
    "ndcg_at_100": 0.33721,
    "ndcg_at_1000": 0.42631,
    "ndcg_at_3": 0.42771,
    "ndcg_at_5": 0.40478,
    "precision_at_1": 0.47059,
    "precision_at_10": 0.27307,
    "precision_at_100": 0.08529,
    "precision_at_1000": 0.02152,
    "precision_at_3": 0.40454,
    "precision_at_5": 0.35294,
    "recall_at_1": 0.06352,
    "recall_at_10": 0.1756,
    "recall_at_100": 0.332,
    "recall_at_1000": 0.65927,
    "recall_at_3": 0.11623,
    "recall_at_5": 0.14109
  }
}