{
  "BeIR_dataset_name": "nq",
  "BeIR_version": "2.0.0",
  "test": {
    "evaluation_time": 3.37,
    "map_at_1": 0.28546,
    "map_at_10": 0.43243,
    "map_at_100": 0.44353,
    "map_at_1000": 0.44386,
    "map_at_3": 0.38936,
    "map_at_5": 0.41332,
    "mrr_at_1": 0.32358,
    "mrr_at_10": 0.4594,
    "mrr_at_100": 0.46765,
    "mrr_at_1000": 0.46787,
    "mrr_at_3": 0.42246,
    "mrr_at_5": 0.44332,
    "ndcg_at_1": 0.32329,
    "ndcg_at_10": 0.51042,
    "ndcg_at_100": 0.55737,
    "ndcg_at_1000": 0.56496,
    "ndcg_at_3": 0.4276,
    "ndcg_at_5": 0.46768,
    "precision_at_1": 0.32329,
    "precision_at_10": 0.08586,
    "precision_at_100": 0.01122,
    "precision_at_1000": 0.00119,
    "precision_at_3": 0.19554,
    "precision_at_5": 0.14044,
    "recall_at_1": 0.28546,
    "recall_at_10": 0.72277,
    "recall_at_100": 0.92685,
    "recall_at_1000": 0.98286,
    "recall_at_3": 0.50546,
    "recall_at_5": 0.5976
  }
}