{
  "BeIR_dataset_name": "scidocs",
  "BeIR_version": "2.0.0",
  "test": {
    "evaluation_time": 0.8,
    "map_at_1": 0.04808,
    "map_at_10": 0.13027,
    "map_at_100": 0.15436,
    "map_at_1000": 0.15846,
    "map_at_3": 0.09073,
    "map_at_5": 0.11141,
    "mrr_at_1": 0.237,
    "mrr_at_10": 0.35334,
    "mrr_at_100": 0.36769,
    "mrr_at_1000": 0.36808,
    "mrr_at_3": 0.322,
    "mrr_at_5": 0.34125,
    "ndcg_at_1": 0.237,
    "ndcg_at_10": 0.21467,
    "ndcg_at_100": 0.31042,
    "ndcg_at_1000": 0.37166,
    "ndcg_at_3": 0.20241,
    "ndcg_at_5": 0.17986,
    "precision_at_1": 0.237,
    "precision_at_10": 0.1124,
    "precision_at_100": 0.02513,
    "precision_at_1000": 0.00396,
    "precision_at_3": 0.19267,
    "precision_at_5": 0.1616,
    "recall_at_1": 0.04808,
    "recall_at_10": 0.22778,
    "recall_at_100": 0.51038,
    "recall_at_1000": 0.80407,
    "recall_at_3": 0.11713,
    "recall_at_5": 0.16398
  }
}