{
  "BeIR_dataset_name": "scifact",
  "BeIR_version": "2.0.0",
  "test": {
    "evaluation_time": 0.21,
    "map_at_1": 0.58094,
    "map_at_10": 0.69185,
    "map_at_100": 0.69718,
    "map_at_1000": 0.69731,
    "map_at_3": 0.67024,
    "map_at_5": 0.68404,
    "mrr_at_1": 0.61,
    "mrr_at_10": 0.70037,
    "mrr_at_100": 0.70428,
    "mrr_at_1000": 0.70441,
    "mrr_at_3": 0.68278,
    "mrr_at_5": 0.69478,
    "ndcg_at_1": 0.61,
    "ndcg_at_10": 0.73763,
    "ndcg_at_100": 0.76046,
    "ndcg_at_1000": 0.76387,
    "ndcg_at_3": 0.70163,
    "ndcg_at_5": 0.72175,
    "precision_at_1": 0.61,
    "precision_at_10": 0.098,
    "precision_at_100": 0.011,
    "precision_at_1000": 0.00113,
    "precision_at_3": 0.28111,
    "precision_at_5": 0.18333,
    "recall_at_1": 0.58094,
    "recall_at_10": 0.86589,
    "recall_at_100": 0.97,
    "recall_at_1000": 0.99667,
    "recall_at_3": 0.7695,
    "recall_at_5": 0.82094
  }
}