{
  "BeIR_dataset_name": "trec-covid",
  "BeIR_version": "2.0.0",
  "test": {
    "evaluation_time": 0.07,
    "map_at_1": 0.0019,
    "map_at_10": 0.01682,
    "map_at_100": 0.09623,
    "map_at_1000": 0.23348,
    "map_at_3": 0.00557,
    "map_at_5": 0.00908,
    "mrr_at_1": 0.7,
    "mrr_at_10": 0.81852,
    "mrr_at_100": 0.81852,
    "mrr_at_1000": 0.81852,
    "mrr_at_3": 0.8,
    "mrr_at_5": 0.809,
    "ndcg_at_1": 0.65,
    "ndcg_at_10": 0.67191,
    "ndcg_at_100": 0.53186,
    "ndcg_at_1000": 0.48788,
    "ndcg_at_3": 0.67073,
    "ndcg_at_5": 0.67401,
    "precision_at_1": 0.7,
    "precision_at_10": 0.73,
    "precision_at_100": 0.5492,
    "precision_at_1000": 0.21578,
    "precision_at_3": 0.73333,
    "precision_at_5": 0.728,
    "recall_at_1": 0.0019,
    "recall_at_10": 0.01959,
    "recall_at_100": 0.13294,
    "recall_at_1000": 0.4613,
    "recall_at_3": 0.00599,
    "recall_at_5": 0.0101
  }
}