{
  "BeIR_dataset_name": "webis-touche2020",
  "BeIR_version": "2.0.0",
  "test": {
    "evaluation_time": 0.05,
    "map_at_1": 0.00981,
    "map_at_10": 0.07785,
    "map_at_100": 0.13426,
    "map_at_1000": 0.14841,
    "map_at_3": 0.03647,
    "map_at_5": 0.05029,
    "mrr_at_1": 0.12245,
    "mrr_at_10": 0.32219,
    "mrr_at_100": 0.33453,
    "mrr_at_1000": 0.33453,
    "mrr_at_3": 0.27551,
    "mrr_at_5": 0.30306,
    "ndcg_at_1": 0.10204,
    "ndcg_at_10": 0.19551,
    "ndcg_at_100": 0.32555,
    "ndcg_at_1000": 0.43548,
    "ndcg_at_3": 0.19724,
    "ndcg_at_5": 0.18994,
    "precision_at_1": 0.12245,
    "precision_at_10": 0.19796,
    "precision_at_100": 0.0751,
    "precision_at_1000": 0.01476,
    "precision_at_3": 0.23129,
    "precision_at_5": 0.21633,
    "recall_at_1": 0.00981,
    "recall_at_10": 0.14519,
    "recall_at_100": 0.46669,
    "recall_at_1000": 0.79937,
    "recall_at_3": 0.04959,
    "recall_at_5": 0.08185
  }
}