{
  "BeIR_dataset_name": "arguana",
  "BeIR_version": "2.0.0",
  "test": {
    "evaluation_time": 1.01,
    "map_at_1": 0.3229,
    "map_at_10": 0.48321,
    "map_at_100": 0.49111,
    "map_at_1000": 0.49115,
    "map_at_3": 0.43516,
    "map_at_5": 0.46247,
    "mrr_at_1": 0.33144,
    "mrr_at_10": 0.48625,
    "mrr_at_100": 0.49422,
    "mrr_at_1000": 0.49426,
    "mrr_at_3": 0.43812,
    "mrr_at_5": 0.46547,
    "ndcg_at_1": 0.3229,
    "ndcg_at_10": 0.57155,
    "ndcg_at_100": 0.60368,
    "ndcg_at_1000": 0.60454,
    "ndcg_at_3": 0.4724,
    "ndcg_at_5": 0.52177,
    "precision_at_1": 0.3229,
    "precision_at_10": 0.08535,
    "precision_at_100": 0.0099,
    "precision_at_1000": 0.001,
    "precision_at_3": 0.19346,
    "precision_at_5": 0.14011,
    "recall_at_1": 0.3229,
    "recall_at_10": 0.85349,
    "recall_at_100": 0.99004,
    "recall_at_1000": 0.99644,
    "recall_at_3": 0.58037,
    "recall_at_5": 0.70057
  }
}