{
  "BeIR_dataset_name": "cqadupstack/gaming",
  "BeIR_version": "2.0.0",
  "test": {
    "evaluation_time": 1.28,
    "map_at_1": 0.40534,
    "map_at_10": 0.54259,
    "map_at_100": 0.5531,
    "map_at_1000": 0.55359,
    "map_at_3": 0.509,
    "map_at_5": 0.52808,
    "mrr_at_1": 0.46583,
    "mrr_at_10": 0.57492,
    "mrr_at_100": 0.58194,
    "mrr_at_1000": 0.58215,
    "mrr_at_3": 0.55204,
    "mrr_at_5": 0.56558,
    "ndcg_at_1": 0.46583,
    "ndcg_at_10": 0.60303,
    "ndcg_at_100": 0.64286,
    "ndcg_at_1000": 0.65168,
    "ndcg_at_3": 0.5496,
    "ndcg_at_5": 0.57598,
    "precision_at_1": 0.46583,
    "precision_at_10": 0.09774,
    "precision_at_100": 0.01265,
    "precision_at_1000": 0.00138,
    "precision_at_3": 0.24911,
    "precision_at_5": 0.16978,
    "recall_at_1": 0.40534,
    "recall_at_10": 0.74773,
    "recall_at_100": 0.91612,
    "recall_at_1000": 0.97726,
    "recall_at_3": 0.60458,
    "recall_at_5": 0.66956
  }
}