{
  "BeIR_dataset_name": "cqadupstack/physics",
  "BeIR_version": "2.0.0",
  "test": {
    "evaluation_time": 0.79,
    "map_at_1": 0.30354,
    "map_at_10": 0.42118,
    "map_at_100": 0.43412,
    "map_at_1000": 0.43516,
    "map_at_3": 0.38475,
    "map_at_5": 0.4072,
    "mrr_at_1": 0.37247,
    "mrr_at_10": 0.47758,
    "mrr_at_100": 0.48506,
    "mrr_at_1000": 0.4855,
    "mrr_at_3": 0.45043,
    "mrr_at_5": 0.46795,
    "ndcg_at_1": 0.37247,
    "ndcg_at_10": 0.48595,
    "ndcg_at_100": 0.53763,
    "ndcg_at_1000": 0.55653,
    "ndcg_at_3": 0.42853,
    "ndcg_at_5": 0.45988,
    "precision_at_1": 0.37247,
    "precision_at_10": 0.08893,
    "precision_at_100": 0.0134,
    "precision_at_1000": 0.00168,
    "precision_at_3": 0.205,
    "precision_at_5": 0.14976,
    "recall_at_1": 0.30354,
    "recall_at_10": 0.62273,
    "recall_at_100": 0.83624,
    "recall_at_1000": 0.9582,
    "recall_at_3": 0.46464,
    "recall_at_5": 0.54225
  }
}