{
  "BeIR_dataset_name": "cqadupstack/english",
  "BeIR_version": "2.0.0",
  "test": {
    "evaluation_time": 1.22,
    "map_at_1": 0.31974,
    "map_at_10": 0.42639,
    "map_at_100": 0.43978,
    "map_at_1000": 0.44118,
    "map_at_3": 0.39684,
    "map_at_5": 0.41265,
    "mrr_at_1": 0.40127,
    "mrr_at_10": 0.48951,
    "mrr_at_100": 0.49568,
    "mrr_at_1000": 0.49611,
    "mrr_at_3": 0.46773,
    "mrr_at_5": 0.48066,
    "ndcg_at_1": 0.40127,
    "ndcg_at_10": 0.48477,
    "ndcg_at_100": 0.52819,
    "ndcg_at_1000": 0.54893,
    "ndcg_at_3": 0.44552,
    "ndcg_at_5": 0.46232,
    "precision_at_1": 0.40127,
    "precision_at_10": 0.09178,
    "precision_at_100": 0.01452,
    "precision_at_1000": 0.00193,
    "precision_at_3": 0.21614,
    "precision_at_5": 0.15185,
    "recall_at_1": 0.31974,
    "recall_at_10": 0.58214,
    "recall_at_100": 0.76463,
    "recall_at_1000": 0.89622,
    "recall_at_3": 0.46195,
    "recall_at_5": 0.51289
  }
}