{
  "BeIR_dataset_name": "cqadupstack/mathematica",
  "BeIR_version": "2.0.0",
  "test": {
    "evaluation_time": 0.57,
    "map_at_1": 0.17757,
    "map_at_10": 0.26739,
    "map_at_100": 0.28013,
    "map_at_1000": 0.28127,
    "map_at_3": 0.23986,
    "map_at_5": 0.25514,
    "mrr_at_1": 0.22015,
    "mrr_at_10": 0.31326,
    "mrr_at_100": 0.32367,
    "mrr_at_1000": 0.32426,
    "mrr_at_3": 0.28897,
    "mrr_at_5": 0.30147,
    "ndcg_at_1": 0.22015,
    "ndcg_at_10": 0.32225,
    "ndcg_at_100": 0.384,
    "ndcg_at_1000": 0.40931,
    "ndcg_at_3": 0.27403,
    "ndcg_at_5": 0.29587,
    "precision_at_1": 0.22015,
    "precision_at_10": 0.05983,
    "precision_at_100": 0.0105,
    "precision_at_1000": 0.00139,
    "precision_at_3": 0.13391,
    "precision_at_5": 0.09602,
    "recall_at_1": 0.17757,
    "recall_at_10": 0.44467,
    "recall_at_100": 0.71527,
    "recall_at_1000": 0.89281,
    "recall_at_3": 0.31095,
    "recall_at_5": 0.36818
  }
}