{
  "BeIR_dataset_name": "cqadupstack/unix",
  "BeIR_version": "2.0.0",
  "test": {
    "evaluation_time": 0.86,
    "map_at_1": 0.27921,
    "map_at_10": 0.37159,
    "map_at_100": 0.384,
    "map_at_1000": 0.38498,
    "map_at_3": 0.34134,
    "map_at_5": 0.35917,
    "mrr_at_1": 0.32649,
    "mrr_at_10": 0.41196,
    "mrr_at_100": 0.42099,
    "mrr_at_1000": 0.42155,
    "mrr_at_3": 0.38464,
    "mrr_at_5": 0.40129,
    "ndcg_at_1": 0.32649,
    "ndcg_at_10": 0.42691,
    "ndcg_at_100": 0.48276,
    "ndcg_at_1000": 0.50312,
    "ndcg_at_3": 0.37269,
    "ndcg_at_5": 0.40018,
    "precision_at_1": 0.32649,
    "precision_at_10": 0.07164,
    "precision_at_100": 0.01126,
    "precision_at_1000": 0.00141,
    "precision_at_3": 0.16791,
    "precision_at_5": 0.11996,
    "recall_at_1": 0.27921,
    "recall_at_10": 0.55388,
    "recall_at_100": 0.79493,
    "recall_at_1000": 0.93314,
    "recall_at_3": 0.40891,
    "recall_at_5": 0.47758
  }
}