{
  "BeIR_dataset_name": "cqadupstack/stats",
  "BeIR_version": "2.0.0",
  "test": {
    "evaluation_time": 0.51,
    "map_at_1": 0.26325,
    "map_at_10": 0.32786,
    "map_at_100": 0.3395,
    "map_at_1000": 0.34044,
    "map_at_3": 0.30627,
    "map_at_5": 0.31758,
    "mrr_at_1": 0.29908,
    "mrr_at_10": 0.35805,
    "mrr_at_100": 0.36842,
    "mrr_at_1000": 0.36903,
    "mrr_at_3": 0.3387,
    "mrr_at_5": 0.34867,
    "ndcg_at_1": 0.29908,
    "ndcg_at_10": 0.36736,
    "ndcg_at_100": 0.42204,
    "ndcg_at_1000": 0.44513,
    "ndcg_at_3": 0.32808,
    "ndcg_at_5": 0.34571,
    "precision_at_1": 0.29908,
    "precision_at_10": 0.05613,
    "precision_at_100": 0.00906,
    "precision_at_1000": 0.00118,
    "precision_at_3": 0.13753,
    "precision_at_5": 0.09417,
    "recall_at_1": 0.26325,
    "recall_at_10": 0.45975,
    "recall_at_100": 0.70342,
    "recall_at_1000": 0.87217,
    "recall_at_3": 0.35195,
    "recall_at_5": 0.3969
  }
}