{
  "BeIR_dataset_name": "cqadupstack/wordpress",
  "BeIR_version": "2.0.0",
  "test": {
    "evaluation_time": 0.44,
    "map_at_1": 0.22224,
    "map_at_10": 0.306,
    "map_at_100": 0.31526,
    "map_at_1000": 0.31628,
    "map_at_3": 0.27491,
    "map_at_5": 0.29212,
    "mrr_at_1": 0.24214,
    "mrr_at_10": 0.32632,
    "mrr_at_100": 0.33482,
    "mrr_at_1000": 0.3355,
    "mrr_at_3": 0.29852,
    "mrr_at_5": 0.31451,
    "ndcg_at_1": 0.24214,
    "ndcg_at_10": 0.35802,
    "ndcg_at_100": 0.40501,
    "ndcg_at_1000": 0.43051,
    "ndcg_at_3": 0.29847,
    "ndcg_at_5": 0.32732,
    "precision_at_1": 0.24214,
    "precision_at_10": 0.05804,
    "precision_at_100": 0.00885,
    "precision_at_1000": 0.00121,
    "precision_at_3": 0.12693,
    "precision_at_5": 0.09242,
    "recall_at_1": 0.22224,
    "recall_at_10": 0.49849,
    "recall_at_100": 0.7145,
    "recall_at_1000": 0.90583,
    "recall_at_3": 0.34153,
    "recall_at_5": 0.41004
  }
}