{
  "BeIR_dataset_name": "cqadupstack/programmers",
  "BeIR_version": "2.0.0",
  "test": {
    "evaluation_time": 0.67,
    "map_at_1": 0.27006,
    "map_at_10": 0.37261,
    "map_at_100": 0.38682,
    "map_at_1000": 0.3879,
    "map_at_3": 0.33844,
    "map_at_5": 0.35845,
    "mrr_at_1": 0.33562,
    "mrr_at_10": 0.43033,
    "mrr_at_100": 0.43937,
    "mrr_at_1000": 0.43987,
    "mrr_at_3": 0.40525,
    "mrr_at_5": 0.41918,
    "ndcg_at_1": 0.33562,
    "ndcg_at_10": 0.43427,
    "ndcg_at_100": 0.49281,
    "ndcg_at_1000": 0.51397,
    "ndcg_at_3": 0.38181,
    "ndcg_at_5": 0.40669,
    "precision_at_1": 0.33562,
    "precision_at_10": 0.08116,
    "precision_at_100": 0.01274,
    "precision_at_1000": 0.00163,
    "precision_at_3": 0.18493,
    "precision_at_5": 0.13333,
    "recall_at_1": 0.27006,
    "recall_at_10": 0.55987,
    "recall_at_100": 0.80992,
    "recall_at_1000": 0.95074,
    "recall_at_3": 0.40809,
    "recall_at_5": 0.4757
  }
}