{
  "BeIR_dataset_name": "cqadupstack/webmasters",
  "BeIR_version": "2.0.0",
  "test": {
    "evaluation_time": 0.36,
    "map_at_1": 0.25524,
    "map_at_10": 0.35118,
    "map_at_100": 0.3665,
    "map_at_1000": 0.3687,
    "map_at_3": 0.31302,
    "map_at_5": 0.33708,
    "mrr_at_1": 0.30632,
    "mrr_at_10": 0.396,
    "mrr_at_100": 0.40523,
    "mrr_at_1000": 0.40569,
    "mrr_at_3": 0.36397,
    "mrr_at_5": 0.38491,
    "ndcg_at_1": 0.30632,
    "ndcg_at_10": 0.416,
    "ndcg_at_100": 0.47237,
    "ndcg_at_1000": 0.4965,
    "ndcg_at_3": 0.35368,
    "ndcg_at_5": 0.38802,
    "precision_at_1": 0.30632,
    "precision_at_10": 0.08123,
    "precision_at_100": 0.01581,
    "precision_at_1000": 0.00245,
    "precision_at_3": 0.16337,
    "precision_at_5": 0.12569,
    "recall_at_1": 0.25524,
    "recall_at_10": 0.54994,
    "recall_at_100": 0.80031,
    "recall_at_1000": 0.95251,
    "recall_at_3": 0.37366,
    "recall_at_5": 0.46429
  }
}