{
  "BeIR_dataset_name": "cqadupstack/tex",
  "BeIR_version": "2.0.0",
  "test": {
    "evaluation_time": 2.53,
    "map_at_1": 0.17845,
    "map_at_10": 0.25772,
    "map_at_100": 0.2697,
    "map_at_1000": 0.27103,
    "map_at_3": 0.23178,
    "map_at_5": 0.24615,
    "mrr_at_1": 0.21645,
    "mrr_at_10": 0.2963,
    "mrr_at_100": 0.30607,
    "mrr_at_1000": 0.30685,
    "mrr_at_3": 0.27237,
    "mrr_at_5": 0.28587,
    "ndcg_at_1": 0.21645,
    "ndcg_at_10": 0.30758,
    "ndcg_at_100": 0.36338,
    "ndcg_at_1000": 0.39305,
    "ndcg_at_3": 0.26121,
    "ndcg_at_5": 0.28294,
    "precision_at_1": 0.21645,
    "precision_at_10": 0.05647,
    "precision_at_100": 0.00999,
    "precision_at_1000": 0.00144,
    "precision_at_3": 0.124,
    "precision_at_5": 0.09112,
    "recall_at_1": 0.17845,
    "recall_at_10": 0.41911,
    "recall_at_100": 0.66631,
    "recall_at_1000": 0.87763,
    "recall_at_3": 0.28957,
    "recall_at_5": 0.34459
  }
}