{
  "BeIR_dataset_name": "cqadupstack/android",
  "BeIR_version": "2.0.0",
  "test": {
    "evaluation_time": 0.49,
    "map_at_1": 0.32411,
    "map_at_10": 0.45182,
    "map_at_100": 0.46736,
    "map_at_1000": 0.46855,
    "map_at_3": 0.41488,
    "map_at_5": 0.43552,
    "mrr_at_1": 0.39914,
    "mrr_at_10": 0.5157,
    "mrr_at_100": 0.5222,
    "mrr_at_1000": 0.52255,
    "mrr_at_3": 0.49118,
    "mrr_at_5": 0.50584,
    "ndcg_at_1": 0.39914,
    "ndcg_at_10": 0.52254,
    "ndcg_at_100": 0.57418,
    "ndcg_at_1000": 0.59,
    "ndcg_at_3": 0.47415,
    "ndcg_at_5": 0.49623,
    "precision_at_1": 0.39914,
    "precision_at_10": 0.10258,
    "precision_at_100": 0.01622,
    "precision_at_1000": 0.00205,
    "precision_at_3": 0.2351,
    "precision_at_5": 0.16681,
    "recall_at_1": 0.32411,
    "recall_at_10": 0.65408,
    "recall_at_100": 0.87248,
    "recall_at_1000": 0.96951,
    "recall_at_3": 0.50493,
    "recall_at_5": 0.57403
  }
}