{
  "BeIR_dataset_name": "fiqa",
  "BeIR_version": "2.0.0",
  "test": {
    "evaluation_time": 0.51,
    "map_at_1": 0.20087,
    "map_at_10": 0.32837,
    "map_at_100": 0.34816,
    "map_at_1000": 0.35,
    "map_at_3": 0.28198,
    "map_at_5": 0.30779,
    "mrr_at_1": 0.38889,
    "mrr_at_10": 0.48417,
    "mrr_at_100": 0.49189,
    "mrr_at_1000": 0.49228,
    "mrr_at_3": 0.45705,
    "mrr_at_5": 0.47225,
    "ndcg_at_1": 0.38889,
    "ndcg_at_10": 0.40769,
    "ndcg_at_100": 0.47673,
    "ndcg_at_1000": 0.50746,
    "ndcg_at_3": 0.36296,
    "ndcg_at_5": 0.37853,
    "precision_at_1": 0.38889,
    "precision_at_10": 0.11481,
    "precision_at_100": 0.0185,
    "precision_at_1000": 0.0024,
    "precision_at_3": 0.24126,
    "precision_at_5": 0.1821,
    "recall_at_1": 0.20087,
    "recall_at_10": 0.48054,
    "recall_at_100": 0.73493,
    "recall_at_1000": 0.91851,
    "recall_at_3": 0.32694,
    "recall_at_5": 0.39099
  }
}