{
  "BeIR_dataset_name": "nfcorpus",
  "BeIR_version": "2.0.0",
  "test": {
    "evaluation_time": 0.23,
    "map_at_1": 0.07064,
    "map_at_10": 0.15047,
    "map_at_100": 0.19116,
    "map_at_1000": 0.20701,
    "map_at_3": 0.10932,
    "map_at_5": 0.12752,
    "mrr_at_1": 0.50464,
    "mrr_at_10": 0.58189,
    "mrr_at_100": 0.58735,
    "mrr_at_1000": 0.5877,
    "mrr_at_3": 0.56244,
    "mrr_at_5": 0.57683,
    "ndcg_at_1": 0.48142,
    "ndcg_at_10": 0.37897,
    "ndcg_at_100": 0.35269,
    "ndcg_at_1000": 0.44046,
    "ndcg_at_3": 0.42967,
    "ndcg_at_5": 0.40815,
    "precision_at_1": 0.50155,
    "precision_at_10": 0.28235,
    "precision_at_100": 0.09,
    "precision_at_1000": 0.02219,
    "precision_at_3": 0.40041,
    "precision_at_5": 0.35046,
    "recall_at_1": 0.07064,
    "recall_at_10": 0.18598,
    "recall_at_100": 0.35584,
    "recall_at_1000": 0.67501,
    "recall_at_3": 0.11563,
    "recall_at_5": 0.14771
  }
}