{
  "BeIR_dataset_name": "nq",
  "BeIR_version": "2.0.0",
  "test": {
    "evaluation_time": 4.13,
    "map_at_1": 0.29075,
    "map_at_10": 0.44836,
    "map_at_100": 0.45924,
    "map_at_1000": 0.45953,
    "map_at_3": 0.40233,
    "map_at_5": 0.4293,
    "mrr_at_1": 0.32735,
    "mrr_at_10": 0.47301,
    "mrr_at_100": 0.48101,
    "mrr_at_1000": 0.48121,
    "mrr_at_3": 0.43492,
    "mrr_at_5": 0.45776,
    "ndcg_at_1": 0.32735,
    "ndcg_at_10": 0.52859,
    "ndcg_at_100": 0.57367,
    "ndcg_at_1000": 0.58005,
    "ndcg_at_3": 0.44214,
    "ndcg_at_5": 0.48697,
    "precision_at_1": 0.32735,
    "precision_at_10": 0.08899,
    "precision_at_100": 0.01143,
    "precision_at_1000": 0.0012,
    "precision_at_3": 0.20268,
    "precision_at_5": 0.14739,
    "recall_at_1": 0.29075,
    "recall_at_10": 0.74841,
    "recall_at_100": 0.94201,
    "recall_at_1000": 0.98897,
    "recall_at_3": 0.52429,
    "recall_at_5": 0.62775
  }
}