{
  "BeIR_dataset_name": "scidocs",
  "BeIR_version": "2.0.0",
  "test": {
    "evaluation_time": 0.96,
    "map_at_1": 0.05153,
    "map_at_10": 0.14278,
    "map_at_100": 0.1692,
    "map_at_1000": 0.17303,
    "map_at_3": 0.09961,
    "map_at_5": 0.12262,
    "mrr_at_1": 0.254,
    "mrr_at_10": 0.3747,
    "mrr_at_100": 0.38681,
    "mrr_at_1000": 0.38723,
    "mrr_at_3": 0.341,
    "mrr_at_5": 0.36195,
    "ndcg_at_1": 0.254,
    "ndcg_at_10": 0.23141,
    "ndcg_at_100": 0.32902,
    "ndcg_at_1000": 0.38757,
    "ndcg_at_3": 0.2182,
    "ndcg_at_5": 0.19368,
    "precision_at_1": 0.254,
    "precision_at_10": 0.1211,
    "precision_at_100": 0.02627,
    "precision_at_1000": 0.00402,
    "precision_at_3": 0.20733,
    "precision_at_5": 0.1736,
    "recall_at_1": 0.05153,
    "recall_at_10": 0.2456,
    "recall_at_100": 0.53273,
    "recall_at_1000": 0.8159,
    "recall_at_3": 0.12613,
    "recall_at_5": 0.17597
  }
}