{
  "BeIR_dataset_name": "scifact",
  "BeIR_version": "2.0.0",
  "test": {
    "evaluation_time": 0.25,
    "map_at_1": 0.62094,
    "map_at_10": 0.71712,
    "map_at_100": 0.72128,
    "map_at_1000": 0.72144,
    "map_at_3": 0.6893,
    "map_at_5": 0.70694,
    "mrr_at_1": 0.65,
    "mrr_at_10": 0.72572,
    "mrr_at_100": 0.72843,
    "mrr_at_1000": 0.72857,
    "mrr_at_3": 0.70444,
    "mrr_at_5": 0.71744,
    "ndcg_at_1": 0.65,
    "ndcg_at_10": 0.76178,
    "ndcg_at_100": 0.77887,
    "ndcg_at_1000": 0.78228,
    "ndcg_at_3": 0.71367,
    "ndcg_at_5": 0.73938,
    "precision_at_1": 0.65,
    "precision_at_10": 0.10033,
    "precision_at_100": 0.01097,
    "precision_at_1000": 0.00112,
    "precision_at_3": 0.27667,
    "precision_at_5": 0.184,
    "recall_at_1": 0.62094,
    "recall_at_10": 0.89022,
    "recall_at_100": 0.96833,
    "recall_at_1000": 0.99333,
    "recall_at_3": 0.75922,
    "recall_at_5": 0.82428
  }
}