{
  "BeIR_dataset_name": "trec-covid",
  "BeIR_version": "2.0.0",
  "test": {
    "evaluation_time": 0.07,
    "map_at_1": 0.00236,
    "map_at_10": 0.01768,
    "map_at_100": 0.10204,
    "map_at_1000": 0.26,
    "map_at_3": 0.00605,
    "map_at_5": 0.00956,
    "mrr_at_1": 0.84,
    "mrr_at_10": 0.90167,
    "mrr_at_100": 0.90167,
    "mrr_at_1000": 0.90167,
    "mrr_at_3": 0.89667,
    "mrr_at_5": 0.90167,
    "ndcg_at_1": 0.77,
    "ndcg_at_10": 0.68788,
    "ndcg_at_100": 0.54169,
    "ndcg_at_1000": 0.5207,
    "ndcg_at_3": 0.71642,
    "ndcg_at_5": 0.70457,
    "precision_at_1": 0.84,
    "precision_at_10": 0.73,
    "precision_at_100": 0.5542,
    "precision_at_1000": 0.23102,
    "precision_at_3": 0.76,
    "precision_at_5": 0.748,
    "recall_at_1": 0.00236,
    "recall_at_10": 0.01987,
    "recall_at_100": 0.1374,
    "recall_at_1000": 0.50149,
    "recall_at_3": 0.00633,
    "recall_at_5": 0.01029
  }
}