{
  "BeIR_dataset_name": "webis-touche2020",
  "BeIR_version": "2.0.0",
  "test": {
    "evaluation_time": 0.05,
    "map_at_1": 0.01437,
    "map_at_10": 0.08791,
    "map_at_100": 0.14995,
    "map_at_1000": 0.16541,
    "map_at_3": 0.03808,
    "map_at_5": 0.05632,
    "mrr_at_1": 0.20408,
    "mrr_at_10": 0.3696,
    "mrr_at_100": 0.37909,
    "mrr_at_1000": 0.37909,
    "mrr_at_3": 0.29592,
    "mrr_at_5": 0.3449,
    "ndcg_at_1": 0.19388,
    "ndcg_at_10": 0.22554,
    "ndcg_at_100": 0.35217,
    "ndcg_at_1000": 0.46624,
    "ndcg_at_3": 0.20285,
    "ndcg_at_5": 0.21924,
    "precision_at_1": 0.20408,
    "precision_at_10": 0.21837,
    "precision_at_100": 0.07755,
    "precision_at_1000": 0.01541,
    "precision_at_3": 0.21769,
    "precision_at_5": 0.23673,
    "recall_at_1": 0.01437,
    "recall_at_10": 0.16315,
    "recall_at_100": 0.47714,
    "recall_at_1000": 0.83126,
    "recall_at_3": 0.04955,
    "recall_at_5": 0.08805
  }
}